ms_accelerometer_x,ms_accelerometer_y,ms_accelerometer_z,outcome
0.2623979223557515,0.4079405167657525,0.6101251796590067,1
0.2623979223557515,0.4079405167657525,0.6101251796590067,1
0.2623979223557515,0.4079405167657525,0.6101251796590067,1
0.2623979223557515,0.4079405167657525,0.6101251796590067,1
0.2623979223557515,0.4079405167657525,0.6101251796590067,1
0.2623979223557515,0.4079405167657525,0.6101251796590067,1
0.2623979223557515,0.4079405167657525,0.6101251796590067,1
0.2623979223557515,0.4079405167657525,0.6101251796590067,1
0.2623979223557515,0.4079405167657525,0.6101251796590067,1
0.2623979223557515,0.4079405167657525,0.6101251796590067,1
0.4860099042247138,0.5355965275883161,0.5490897402216539,1
0.5245854632084301,0.5919526253502189,0.5334984125894914,1
0.5177386325991937,0.6041335988272305,0.5229360545417071,1
0.4857995305553282,0.5923342276025038,0.5094694308587996,1
0.4662535644843436,0.5393515652769936,0.4755812286609929,1
0.4503605094177841,0.528025397351145,0.4690848453824348,1
0.4503605094177841,0.528025397351145,0.4690848453824348,1
0.424981358174603,0.5042434928231592,0.4570092119146072,1
0.4244649771826627,0.5032513080853036,0.4523165293047976,1
0.4047468799363981,0.5267279234337595,0.4485104111439549,1
0.3918373590547335,0.5107613829624755,0.4426407363320787,1
0.3787174632502934,0.5043656077947146,0.451139537102731,1
0.3622506553036005,0.527155328085028,0.4447195804337661,1
0.6311128924567609,0.7481988028565761,0.8533956835757546,1
0.6470441994178506,0.4637470945296941,0.5889087626512622,1
0.6756937717047972,0.6031261486237797,0.7278855509204778,1
0.5687264495862122,0.5260562924657083,0.555677834429966,1
0.3955476502510603,0.5642325047990701,0.516057529449802,1
0.4338363255093809,0.5750396814073234,0.525473466440236,1
0.4299539086213551,0.5171418934149159,0.5341404078807287,1
0.4332434485620672,0.5158444213732174,0.5373045288720382,1
