ms_accelerometer_x,ms_accelerometer_y,ms_accelerometer_z,outcome
0.4695798626561782,0.5097844633150775,0.4703229805000324,1
0.4695798626561782,0.5097844633150775,0.4703229805000324,1
0.4371555585244787,0.5166381683131904,0.5034927568525871,1
0.4371555585244787,0.5166381683131904,0.5034927568525871,1
0.455157131296373,0.5047014242791066,0.5087815782243892,1
0.455157131296373,0.5047014242791066,0.5087815782243892,1
0.455157131296373,0.5047014242791066,0.5087815782243892,1
0.5572614867806704,0.6163450959827763,0.5999449659289638,1
0.4957769841087826,0.5632403164348864,0.4208740161798917,1
0.438229211974231,0.4735162947550466,0.4107702365726258,1
0.4130699510276467,0.4553211562404441,0.4250164288284868,1
0.1963352718823263,0.4964281303295299,0.4835908904900875,1
0.3260325162611027,0.5093112662684891,0.5118845575523651,1
0.3189643071841297,0.5088533354377707,0.5365555333220969,1
0.3662944858118394,0.5375045751130207,0.5182280857334407,1
0.5678369635491852,0.4182439713984254,0.4813133326955475,1
0.6078663104457284,0.4396599038232777,0.4224178752666241,1
0.4858814914010205,0.542251800540653,0.5203680721245606,1
0.4858814914010205,0.542251800540653,0.5203680721245606,1
0.458270723002394,0.4800341880205078,0.4780116409269165,1
0.4611159007962668,0.4804005321848994,0.4799529148773811,1
0.4579844149271622,0.4822627866890552,0.4755812286609929,1
0.4488762631962398,0.4942911173894659,0.4784396394573377,1
0.4444384990243488,0.518744652260274,0.4718056841492609,1
0.4473552571352902,0.4888569985292864,0.4697879835892031,1
0.4730155507635982,0.4717914224386826,0.4433285902186862,1
0.4448858567661737,0.4969318548685492,0.4760856538010073,1
0.4307136414906991,0.4998778802767043,0.482857181138603,1
0.4266516554765114,0.5384814953856476,0.5786062530725791,1
0.4142509688695434,0.5044266652804924,0.5430213479603334,1
0.6448357657162244,0.2712785364820231,0.3741000583273499,1
