ms_accelerometer_x,ms_accelerometer_y,ms_accelerometer_z,outcome
0.4490552048270761,0.5025338823460622,0.4832393216997526,1
0.435026145055111,0.5146537997127998,0.5105852807714337,1
0.4397323246050437,0.5430760755357631,0.5113342756952763,1
0.4375134403202578,0.5349859527305387,0.4968129446396063,1
0.4403765159419482,0.530528754142986,0.4974090834642088,1
0.4702240547260295,0.5337495380495721,0.4840953162562005,1
0.4791532648261156,0.526239465798362,0.4693447013647198,1
0.5100028877370826,0.5207748157569007,0.4435731600025144,1
0.4991947809849061,0.501434846976834,0.4590421949165298,1
0.4922160353938835,0.4785230139657896,0.4661041525116197,1
0.4645694874644512,0.4701886623428665,0.4437260119695034,1
0.4011881954432829,0.4635181288017204,0.4562449270357159,1
0.3880538467572868,0.4741421364539228,0.4552819347249586,1
0.3242788897447997,0.5114940731669456,0.429403395608444,1
0.0523763853894649,0.5992489912118066,0.7612998909837037,1
0.4529203535814503,1.0,0.9155011631660656,1
0.5778398256331299,0.6590701054493682,0.5617920827822622,1
0.424182255107395,0.241818284901388,0.3477323708777978,1
0.292606133133145,0.6432409334108383,0.531694710042447,1
0.4141614978342411,0.6070185678750201,0.5694501676817396,1
0.4714587549105877,0.5472432516598391,0.4939851066158341,1
0.461706411109814,0.4206710102407254,0.4883141442446133,1
0.3998282361171392,0.4428196303691319,0.5158129596659738,1
0.4034428665883425,0.4523293355609157,0.520429214413993,1
0.3717343289799885,0.5071284606204908,0.5416456433176117,1
0.3171748835462979,0.5980583676757021,0.550389013872092,1
0.3057404884156622,0.5512883080606196,0.5520704330924691,1
0.4866867287397842,0.5221028164789651,0.5214380646940218,1
0.4803700686487497,0.5196910463534509,0.5179682310033531,1
0.4679514945485139,0.5163176165441189,0.5136424040084339,1
0.4696156575788666,0.5129136605553369,0.5154308203570215,1
