ms_accelerometer_x,ms_accelerometer_y,ms_accelerometer_z,outcome
0.4507372605546189,0.5481133221764141,0.5309151439738882,1
0.4484646967123693,0.5479454088073404,0.5319545672769292,1
0.4397323246050437,0.5480827903699033,0.5328258449013407,1
0.4315188802953564,0.5469684947870034,0.5310679996974692,1
0.4315188802953564,0.5469684947870034,0.5310679996974692,1
0.4229654483529736,0.5396415927423021,0.5256416071100765,1
0.4229654483529736,0.5396415927423021,0.5256416071100765,1
0.4356703371249623,0.5405727149925481,0.522171774671605,1
0.4419690986552324,0.5300860889029085,0.5420124964281072,1
0.4374597570980601,0.5173555948027067,0.5408660785012501,1
0.4405733502699747,0.4456282752150907,0.3412818330465385,1
0.3579199969661866,0.2018103454937784,0.8382476463073579,1
0.2296543076225052,0.5796037341275309,0.483514462628297,1
0.3423878260293023,0.5244687954596172,0.5556319764606944,1
0.3423878260293023,0.5244687954596172,0.5556319764606944,1
0.3975735664379733,0.4846592930996154,0.5202152176531769,1
0.4346145785712405,0.5314446158044229,0.5676617544636451,1
0.4272063774638913,0.5065331494776675,0.5259473216877316,1
0.4272063774638913,0.5065331494776675,0.5259473216877316,1
0.3798404053793867,0.5197521024637248,0.5265434608879932,1
0.4016355517192143,0.5531047732956001,0.5282707330688526,1
0.3963746538466356,0.5473806332224018,0.5387719519576978,1
0.4023334255453697,0.5376419541746675,0.5578942524394681,1
0.4599169904037694,0.5449993892763377,0.5491814530297039,1
0.4542087369882062,0.527994866795092,0.5392305210067366,1
0.4462279226621806,0.5399774032244958,0.5478057496391794,1
0.435026145055111,0.5286512352986473,0.5445804807235497,1
0.4274568950141155,0.523736105255147,0.5347518307750525,1
0.4253632728027022,0.5279338113100471,0.5184267994262933,1
0.4192613473595309,0.5162870878637529,0.5067791638627882,1
0.3966430670258369,0.509433381615182,0.5066415930854667,1
