ms_accelerometer_x,ms_accelerometer_y,ms_accelerometer_z,outcome
0.433308301001401,0.4823391083899701,0.491631122211701,1
0.407003814277116,0.4902002629663048,0.4907292703120801,1
0.3707680412416848,0.4618543075937985,0.5005884906539751,1
0.517053198253291,0.760929296331549,0.724415699699047,1
0.5580130430960769,0.6197490550977032,0.7373473289755198,1
0.5650812521730498,0.6511173492012112,0.5925620169492417,1
0.5297044169961244,0.534726458322199,0.5718500100551444,1
0.3876780693325305,0.5311393290007633,0.6881887992955639,1
0.4628337448499768,0.5915099507317068,0.5669739037075308,1
0.4274568950141155,0.5315819973669857,0.54461104998997,1
0.4385513069097364,0.523690312234598,0.5319392798262752,1
0.4569644461655012,0.5103797738326719,0.5168676672891757,1
0.4637105669034898,0.5515630686848291,0.5131074064715059,1
0.4035860198930116,0.531414087749286,0.5160269589311844,1
0.3783730803417944,0.5159970647750473,0.5171122364469053,1
0.4734986924339097,0.4853156622283995,0.4945201022744661,1
0.4734986924339097,0.4853156622283995,0.4945201022744661,1
0.4759144117796687,0.4831786496009501,0.4925788302022975,1
0.4731765989642977,0.4848119377519032,0.4934653952773629,1
0.4583423055183028,0.4834228790438779,0.5030341884922568,1
0.4553897539505667,0.4795609897234614,0.5165619545898166,1
0.4554792247659849,0.4813469237771602,0.5189312245663077,1
0.4616527278876163,0.4941079449321328,0.5150181092772542,1
0.4616527278876163,0.4941079449321328,0.5150181092772542,1
0.4616527278876163,0.4941079449321328,0.5150181092772542,1
0.4616527278876163,0.4941079449321328,0.5150181092772542,1
0.4616527278876163,0.4941079449321328,0.5150181092772542,1
0.4572149644486722,0.4988246381155938,0.5121291279622919,1
0.6891418058626083,0.6515600300720131,0.7080142379841026,1
0.4425059250136351,0.5110666716418221,0.5117317012026854,1
0.4405733502699747,0.5507845860850389,0.5047308914066959,1
