ms_accelerometer_x,ms_accelerometer_y,ms_accelerometer_z,outcome
0.4567676089056875,0.4153742766944824,0.422463730731501,1
0.4468721132661383,0.4818353839134737,0.4028828649572838,1
0.4466394869472107,0.5463579149273943,0.4494581178823541,1
0.4004366383949297,0.6112162614253405,0.5422112138775517,1
0.378999375316775,0.5057241381975114,0.5953898540964758,1
0.3958020391620656,0.6810508115834721,0.6095443354225828,1
0.4444384990243488,0.5732842822862803,0.5275217375189113,1
0.4598633093804121,0.5230186800160889,0.5115024169912153,1
0.4406628210853929,0.5175082382045364,0.5152779633812432,1
0.4291210565785746,0.5409085317270318,0.5151403926039217,1
0.4283337119370009,0.539809497983399,0.5205362152987956,1
0.4262400897255877,0.5360544602947214,0.5232264816687081,1
0.4205139425134142,0.5475180116588197,0.5309610006909625,1
0.4206392012885263,0.5479606750232103,0.5297687229165379,1
0.4062164684628275,0.5466784673216949,0.5151098227114028,1
0.4094553206297381,0.5246824987230948,0.4971492278575831,1
0.4148056893910297,0.506930023572883,0.4795096320267991,1
0.4086679756949858,0.5129441898609318,0.4929915419081633,1
0.4719061089876787,0.5569361301842768,0.4985402186987617,1
0.4862035870694728,0.5640645933056834,0.4129866445645496,1
0.7539188448031408,0.429249595683179,0.6667736585773888,1
0.7539188448031408,0.429249595683179,0.6667736585773888,1
0.4940412488237761,0.6329832705482565,0.6247840836207336,1
0.3675649757884585,0.5951276068578215,0.4799376268006284,1
0.3802340755013332,0.5156154550200146,0.5333455568659105,1
0.4313757269906873,0.5131578899982646,0.5648033449194975,1
0.4313757269906873,0.5131578899982646,0.5648033449194975,1
0.397323045955962,0.5304066406719801,0.5675547542049412,1
0.397323045955962,0.5304066406719801,0.5675547542049412,1
0.4093121671784797,0.5197215725329009,0.5787438194672102,1
0.4093121671784797,0.5197215725329009,0.5787438194672102,1
