ms_accelerometer_x,ms_accelerometer_y,ms_accelerometer_z,outcome
0.3958536536567715,0.5218585864108084,0.5249231839570486,1
0.3903838442485006,0.5115246024725405,0.5159199592985793,1
0.4067550276291014,0.5336884813140692,0.515232106664169,1
0.4110773232867445,0.5337190093692062,0.509989141571172,1
0.4082085416519654,0.5349859527305387,0.489368851867815,1
0.403121234738254,0.5241482436905456,0.4965989460631042,1
0.3990284394806303,0.5194773430899732,0.5043487510959858,1
0.3783923346806858,0.5454573207322851,0.5107687076397308,1
0.3803622322022701,0.5450909759426646,0.5154766770740957,1
0.4768871838120176,0.6778758050667105,0.5106158531683471,1
0.4497102585455187,0.5100592220636003,0.4062456908760647,1
0.4497102585455187,0.5100592220636003,0.4062456908760647,1
0.4497102585455187,0.5100592220636003,0.4062456908760647,1
0.2914491199510476,0.5830382169209919,0.5535072793985245,1
0.3581387340987118,0.552494195311678,0.4190550368258702,1
0.3322623215439058,0.5666137456189894,0.4267131311168273,1
0.3522672938985103,0.5306508688644499,0.4680301383853316,1
0.363857172987742,0.5073116329527781,0.4504058283773451,1
0.3708570007562956,0.5080748522127516,0.4406841780614534,1
0.3749115460778108,0.5155086046387338,0.4381926247582946,1
0.3635511695820309,0.5266516042337606,0.4409134616468247,1
0.4412569110355094,0.5111582576829199,0.4898121334661998,1
0.4271233773143689,0.5006563636267692,0.4901178467916576,1
0.4230497064372729,0.5012516743944551,0.4911878387350202,1
0.4278118832146395,0.500503719849802,0.4963390906443081,1
0.4240824684211536,0.5036176531875386,0.5010164878069793,1
0.4142903594383961,0.5020759508901148,0.5063053092413914,1
0.4174268941510935,0.5047930103202045,0.5100197133419868,1
0.4174268941510935,0.5047930103202045,0.5100197133419868,1
0.4130854709794478,0.5190804689947576,0.510631137488508,1
0.4039818694636983,0.5238124288317489,0.5084911517234868,1
