ms_accelerometer_x,ms_accelerometer_y,ms_accelerometer_z,outcome
0.4486436405420461,0.4923067481638463,0.5074211594670749,1
0.4497709764810493,0.4582519170583247,0.5138411158229904,1
0.3880896350834541,0.5747038646728398,0.5013680568477537,1
0.4090616484555407,0.577619369903743,0.5102489969273583,1
0.413660459948595,0.5633319062273582,0.5146665386086235,1
0.413660459948595,0.5633319062273582,0.5146665386086235,1
0.3328681100133498,0.5537611386730105,0.5402393706606669,1
0.3961241355634646,0.622405059042748,0.4511242521564715,1
0.2749803385189539,0.6580015828796901,0.3732899179835817,1
0.2809927963716729,0.67009096656423,0.3741611968601904,1
0.2809927963716729,0.67009096656423,0.3741611968601904,1
0.4124078653077745,0.5751312711997951,0.4909126978064759,1
0.5275928852297449,0.4112223624096735,0.5214839214110961,1
0.5380073189281875,0.4391561799720102,0.5957872889953647,1
0.542194563351014,0.4097875119315571,0.5965057058874059,1
0.5332653510520876,0.5333679282945397,0.6109047476058613,1
0.4819626594244487,0.4777292638996717,0.6026963752144074,1
0.4738744742563468,0.5180730206669938,0.5155683911343429,1
0.4363324226249506,0.5697124179302565,0.4461869991367351,1
0.6608152812018914,0.5982110110775318,0.3799850162071895,1
0.7868083957091213,0.5319483409061484,0.4119472268963964,1
0.6582921851504818,0.4807210845792,0.5524984278662984,1
0.4261148291181086,0.5426334071695407,0.468458135037457,1
0.447820504642518,0.587999139985041,0.4575442069471405,1
0.4951327898400908,0.6026071523043527,0.435441215472851,1
0.4631558419843226,0.5716509903839534,0.4697879835892031,1
0.4855414971718038,0.5393820939573595,0.5096222872084791,1
0.4335230316913515,0.5410764400942735,0.3718072162126491,1
0.444402712897022,0.5382525296576739,0.4236254317263217,1
0.4170066773871863,0.5339632381869049,0.4969505151664883,1
0.4274390008510318,0.5364360687992961,0.4992892135599944,1
