ms_accelerometer_x,ms_accelerometer_y,ms_accelerometer_z,outcome
0.3410025433788862,0.5290786399499157,0.4849360246141918,1
0.3342895936171368,0.5286665015145172,0.4885128573113671,1
0.3253963642040354,0.5274148212429097,0.4941532479117732,1
0.3267160114800493,0.5279338113100471,0.4979287940513616,1
0.3235603437697683,0.5264836927403739,0.4872747228198681,1
0.4355767201241659,0.5203474129813191,0.5127711238796278,1
0.4391913870677482,0.5255373023985709,0.5080020121558305,1
0.4262244922611318,0.5235834631037751,0.5046544635449055,1
0.4255168588468587,0.5306966618849988,0.4973937978292408,1
0.4353089725298286,0.525430450766832,0.4980969359733993,1
0.4358827274467206,0.5201337109682994,0.4965072323159063,1
0.4331669447730067,0.5262089346170802,0.4943213898338109,1
0.4374318704225416,0.5360697221339885,0.4938933928060264,1
0.4324210602475721,0.5253999227116951,0.4928081144137676,1
0.4226863330234536,0.5248504045894208,0.4922425469843207,1
0.4089544246106626,0.5310172142792994,0.488925569017233,1
0.3277678954943514,0.5970967092423424,0.4008193064279544,1
0.3277678954943514,0.5970967092423424,0.4008193064279544,1
0.5038154835146007,0.7139608015445457,0.4893841374401732,1
0.3818922487608047,0.439339353304664,0.5361886795855028,1
0.186891581017309,0.6010501883552304,0.4342947912850074,1
0.2681737234192027,0.5613780656821045,0.3980831739494878,1
0.2646546901287896,0.5601416503759089,0.4172513280178393,1
0.2852907999422939,0.5362223655358184,0.4751226602380527,1
0.311396711330382,0.4863994322570783,0.4903624159493872,1
0.3333142086916828,0.5013432606856446,0.493755822404364,1
0.3421309296155114,0.5413359382539871,0.4999770661944047,1
0.334844221803395,0.5409543234971227,0.4857155906827505,1
0.3320901950688381,0.5364055388684721,0.4798764870155906,1
0.3347103487895951,0.5410306451980377,0.4836673189779766,1
0.4395165164207244,0.5006563636267692,0.5231959117761893,1
