ms_accelerometer_x,ms_accelerometer_y,ms_accelerometer_z,outcome
0.4872951332164151,0.5393210397227725,0.3911740814694585,1
0.4138036136197376,0.5529521267676255,0.515339106922873,1
0.4014387151923475,0.5535474379104487,0.5667293307932094,1
0.4698482758353795,0.5684454726932371,0.5871509093081084,1
0.5568678210564049,0.3417541776737185,0.4904388444372763,1
0.5528774021662433,0.3977133900862843,0.3953317646640442,1
0.4760754621792086,0.4966113029119089,0.4565965002087412,1
0.4760754621792086,0.4966113029119089,0.4565965002087412,1
0.478544862548325,0.5030986645584279,0.4646061614117373,1
0.478544862548325,0.5030986645584279,0.4646061614117373,1
0.4670209892728033,0.4960617852272948,0.463047028648521,1
0.4670209892728033,0.4960617852272948,0.463047028648521,1
0.4695798626561782,0.5097844633150775,0.4703229805000324,1
0.4695798626561782,0.5097844633150775,0.4703229805000324,1
0.4371555585244787,0.5166381683131904,0.5034927568525871,1
0.4371555585244787,0.5166381683131904,0.5034927568525871,1
0.455157131296373,0.5047014242791066,0.5087815782243892,1
0.455157131296373,0.5047014242791066,0.5087815782243892,1
0.455157131296373,0.5047014242791066,0.5087815782243892,1
0.5572614867806704,0.6163450959827763,0.5999449659289638,1
0.4957769841087826,0.5632403164348864,0.4208740161798917,1
0.438229211974231,0.4735162947550466,0.4107702365726258,1
0.4130699510276467,0.4553211562404441,0.4250164288284868,1
0.1963352718823263,0.4964281303295299,0.4835908904900875,1
0.3260325162611027,0.5093112662684891,0.5118845575523651,1
0.3189643071841297,0.5088533354377707,0.5365555333220969,1
0.3662944858118394,0.5375045751130207,0.5182280857334407,1
0.5678369635491852,0.4182439713984254,0.4813133326955475,1
0.6078663104457284,0.4396599038232777,0.4224178752666241,1
0.4858814914010205,0.542251800540653,0.5203680721245606,1
0.4858814914010205,0.542251800540653,0.5203680721245606,1
