ms_accelerometer_x,ms_accelerometer_y,ms_accelerometer_z,outcome
0.4552183120146326,0.5101660718196521,0.3762247553895197,1
0.9999426260750484,0.700222857866122,0.8284954273511445,1
0.7155889466297786,0.6035382870591782,0.7572033275389991,1
0.6446918058253304,0.4995115351744693,0.5503584414751785,1
0.4272190062673258,0.4352027071114119,0.5102337113550002,1
0.4133149713794672,0.5681554477288444,0.5105394240543595,1
0.4338745821041234,0.5073116329527781,0.5298298652059702,1
0.446305965271322,0.5043045501838911,0.5152168204657123,1
0.4288255255182047,0.4827665111655516,0.5011387726988934,1
0.4211563120780541,0.4704634217166181,0.5093165751352186,1
0.4009792108982758,0.4846135000790664,0.5057550273843027,1
0.3933673760832893,0.5003816048157237,0.5002369216132008,1
0.3934630026861401,0.4727683427113094,0.5075281581605322,1
0.4124543390041291,0.5268500381552234,0.5329022727631311,1
0.4163750054365789,0.527979604330596,0.5264823167202649,1
0.4250578541299764,0.5374587808420139,0.5257638948194344,1
0.4317325535639329,0.5121657066359128,0.5245257603279354,1
0.4469753460076961,0.5206527022858947,0.4988612165322099,1
0.4316369316612945,0.5124862584049843,0.4902707018891399,1
0.4137357265519256,0.5116925095893243,0.4989529302167979,1
0.3949165182757416,0.5156459843256097,0.5013069144331015,1
0.383020636172483,0.5081206452333005,0.4932972539814239,1
0.3822556284415738,0.5046556310084661,0.491845120850813,1
0.3856981657766136,0.5055867585106356,0.4885892857992562,1
0.4014190943681054,0.510318715846711,0.4896745626888783,1
0.3796737242652409,0.4920472537555065,0.4952996685934643,1
0.7214412593159775,0.8751984382980658,0.5756866987346045,1
0.8315642883132793,0.3193918442781707,0.596689127746914,1
0.6475988479716955,0.5898308670592888,0.636019010608866,1
0.5862260215535443,0.456313338352338,0.5427003503147148,1
0.3646221811103355,0.544800948477356,0.4997324964105765,1
