ms_accelerometer_x,ms_accelerometer_y,ms_accelerometer_z,outcome
0.2128827445554934,0.4902918490074027,0.4972715129373268,1
0.2879109489628387,0.5560660602929308,0.5079867265834723,1
0.2879109489628387,0.5560660602929308,0.5079867265834723,1
0.2855967994311615,0.4964739234751247,0.5012610575908074,1
0.3311339337405431,0.5121504410452719,0.5095917160637629,1
0.4353089725298286,0.5070521389195759,0.5271243120115021,1
0.4532866657608836,0.5002900185245341,0.5227526270473113,1
0.4586417273192509,0.4988399024557768,0.5266351743221418,1
0.4319620555306898,0.4860330874674577,0.537549099281965,1
0.456270203862622,0.4896202174141225,0.5417985021716858,1
0.4949796327266634,0.4804310583643494,0.53650967785722,1
0.5308585389007746,0.3979118190059154,0.4266367032550368,1
0.5107388100792105,0.3743741551749789,0.3921829330016847,1
0.4976189116113168,0.4855293629909613,0.4097613850403996,1
0.4477212305331307,0.4904750217148275,0.4234572929347773,1
0.5008701973073926,0.475714365993686,0.4502835412940858,1
0.5499263602069748,0.5707198618814175,0.5253358956629145,1
0.5188096543112918,0.6798754436343449,0.9045872306930588,1
0.5296536551420385,0.8701764553723689,0.7506458082319951,1
0.6412683826870249,0.4098791017240289,0.4624967474175309,1
0.4021649765434338,0.4975119014836208,0.5348741172322132,1
0.4117084544786945,0.5484033421389748,0.5839103667159948,1
0.403465488471758,0.5251709569837214,0.547652887654612,1
0.3473138639154423,0.5093875885946331,0.5490133060988771,1
0.3853539120431096,0.5357797002957408,0.547331890635092,1
0.326773385405001,0.5532116211759651,0.5144372543971534,1
0.2949490312110392,0.5510135511877838,0.4893994223864326,1
0.312391225336576,0.5660642318733178,0.5036150417445012,1
0.3314016844683553,0.5494107892162807,0.5239143336770198,1
0.3390135216334479,0.5475790652681779,0.5244340462676882,1
0.4247518569912148,0.5155238689789168,0.5264058901106717,1
