ms_accelerometer_x,ms_accelerometer_y,ms_accelerometer_z,outcome
0.4121865859262107,0.490001827169155,0.4879778604005378,1
0.4098724340444274,0.4934668411438979,0.4857767323460843,1
0.3955859013622218,0.4956649117573083,0.4898427058631133,1
0.3787557137347599,0.4922456901778854,0.4953760971439633,1
0.3830397614147163,0.4938179215933355,0.4996713539333145,1
0.3278635213138334,0.4633960134550275,0.4800599145099864,1
0.4195497928271752,0.9530009815344624,0.7124623495578867,1
0.8611892251580933,0.5808859412038173,0.8365356922559862,1
0.3131944837869624,0.5951428686970887,0.513825830876731,1
0.3953372734481999,0.6431798735491906,0.5862949197604497,1
0.3295082901091365,0.4835755224457077,0.5552804120530501,1
0.2059020362322446,0.4268225630931688,0.6181959856558297,1
0.3562644625532832,0.5152185815500282,0.6675073710593664,1
0.3759443074349964,0.5494871171694854,0.5863102028284132,1
0.4715321300873376,0.5733606039871952,0.5027131906588086,1
0.3684089737456168,0.5279338113100471,0.5117164168825246,1
0.3858894181989464,0.5135547640934802,0.517952945430995,1
0.3881270678584066,0.5270332108626481,0.5064887367357872,1
0.3496853905055461,0.5478080309961516,0.5076657289378538,1
0.4381203810230245,0.4831633852607671,0.5051130314669666,1
0.4214431895365002,0.5005342486552138,0.5054493153110421,1
0.4184214073739187,0.4973287289637647,0.5059537407641058,1
0.4094899307664994,0.4885822397807637,0.507344730916576,1
0.4105609430781729,0.4927036216338328,0.5046238920871399,1
0.4005202061813934,0.4818811769340226,0.4970880856307605,1
0.4007688340954154,0.4783398412583648,0.4975160825959352,1
0.409030926049617,0.489162285958175,0.4947035297688619,1
0.4065255248789758,0.4854988349358243,0.4860824450454434,1
0.3998699513922844,0.4818811769340226,0.4988459309598518,1
0.3998699513922844,0.4818811769340226,0.4988459309598518,1
0.344464206661191,0.4869947433999016,0.4752602303892756,1
