ms_accelerometer_x,ms_accelerometer_y,ms_accelerometer_z,outcome
0.3802698660263409,0.5460831580545585,0.4447195804337661,1
0.393726311113736,0.5647820185447415,0.4524235276852056,1
0.4205676253691386,0.5781688899017043,0.483728461267409,1
0.433308301001401,0.5395500054507463,0.5148499661030194,1
0.4996242365012327,0.5233392311599315,0.5052506022442881,1
0.4990695203774271,0.5382677977492307,0.5388483754367978,1
0.4268484920033782,0.5045182515716818,0.5433882042013223,1
0.4268484920033782,0.5045182515716818,0.5433882042013223,1
0.4802805978333315,0.5104560949083579,0.5263753170876596,1
0.48088900744059,0.5070368739541639,0.5154766770740957,1
0.4682556894573614,0.4958480841521186,0.5202457869195972,1
0.4381934207162765,0.4800494517354618,0.5262683193333502,1
0.4269737511449636,0.499557328320064,0.5219424898340363,1
0.4011703020131461,0.5014195826991741,0.5155989610268619,1
0.3839739673129623,0.4977561315517775,0.498433219191376,1
0.3440161941369665,0.4567407448792934,0.3466470852227947,1
0.0,0.4817590622125587,0.272756450631746,1
1.0,1.0,0.5686247505309943,1
0.9141614929967924,0.7429020693103332,1.0,1
0.5469723136897069,0.3793808700091191,0.3732593518476547,1
0.0672822584195815,0.4750122063452688,0.5777655528538703,1
0.0672822584195815,0.4750122063452688,0.5777655528538703,1
0.1791926431256909,0.2636463476336621,0.6806071516493568,1
0.2834621967407894,0.5382525296576739,0.4443221492914692,1
0.2834621967407894,0.5382525296576739,0.4443221492914692,1
0.2676616008975549,0.6523079727373157,0.358126591386235,1
0.3063488855628252,0.6213976088392972,0.4095321014550282,1
0.3586894518423574,0.575253384670801,0.4657372962706309,1
0.3586894518423574,0.575253384670801,0.4657372962706309,1
0.4713156030718122,0.5628434460910448,0.5007260611182472,1
0.4970116842933407,0.5794816206565249,0.4799070581603068,1
