ms_accelerometer_x,ms_accelerometer_y,ms_accelerometer_z,outcome
0.562021345888067,0.5449688562193689,0.4951315273601352,1
0.5399935754281522,0.51109719907173,0.4145457741972727,1
0.7671247650108437,0.776285257568453,0.5510615834385388,1
0.2923735104789513,0.3744504768758939,0.6724751945977203,1
0.5101997205992154,0.6758151128897181,0.6398556992883262,1
0.3908990260170533,0.6013096833887991,0.4507268253968651,1
0.3561305784589824,0.5368787371655184,0.6463062308585992,1
0.3835087161410004,0.5034344806676826,0.5551886986189016,1
0.3954441537015525,0.5122878207321476,0.5219730609787525,1
0.3950325894165223,0.4847203517108052,0.5701380246988403,1
0.4237706878905777,0.5283917427659944,0.5407437951745826,1
0.4346682610604915,0.5277811654073014,0.536356822133639,1
0.4218739018395579,0.5147911787744467,0.5611653674284951,1
0.4149130545894156,0.5087006914107118,0.555693123758916,1
0.454119266172788,0.5355507345677671,0.5100197133419868,1
0.4488941573593234,0.5299334436253916,0.5195579342851869,1
0.4287810660140919,0.5112651068137428,0.5327647026119083,1
0.4097416281186125,0.514608006067022,0.5286070181651252,1
0.4097416281186125,0.514608006067022,0.5286070181651252,1
0.3961062406674342,0.5095249682815088,0.5384509530598818,1
0.3716090683725094,0.524590912056768,0.5242353319487371,1
0.3560232112816401,0.5263921073245049,0.5297075825054014,1
0.3887696132806324,0.5288496742219418,0.5769706893170792,1
0.3997387645687743,0.5284070052304906,0.5908653146609012,1
0.5061556280151644,0.5270332108626481,0.5701838801637172,1
0.5220635785756456,0.511967268963076,0.4999159237797525,1
0.6687602998722818,0.7032757321550085,0.4032191362793862,1
0.648289330396005,0.3827390311016652,0.8449580338599157,1
0.5060303747371534,0.3144767317410818,0.7902355408152456,1
0.2993343501797416,0.5786726118772848,0.5248161849505419,1
0.3593515373423456,0.5776498935822771,0.6658718135648529,1
