ms_accelerometer_x,ms_accelerometer_y,ms_accelerometer_z,outcome
0.4194402901630822,0.5642477666383371,0.4998089244601965,1
0.4545487268197422,0.5439156142458272,0.5381758077486469,1
0.4383186798578619,0.5419770417921302,0.5307011453347762,1
0.4356882320209928,0.5379319791390602,0.5217590629657392,1
0.4292642098832437,0.5306661332046329,0.507711585654928,1
0.4220886321630349,0.5194468144096072,0.5044863216228678,1
0.4220886321630349,0.5194468144096072,0.5044863216228678,1
0.3942631374721387,0.5283306835295756,0.5186713698362201,1
0.3805740675317095,0.5259189134040614,0.530823429913641,1
0.4234306980590417,0.526331051214231,0.5785756806756657,1
0.4408954452054802,0.5267737164543085,0.5827180870632743,1
0.4914644790784771,0.5426028772387168,0.5661943357606761,1
0.562021345888067,0.5449688562193689,0.4951315273601352,1
0.5399935754281522,0.51109719907173,0.4145457741972727,1
0.7671247650108437,0.776285257568453,0.5510615834385388,1
0.2923735104789513,0.3744504768758939,0.6724751945977203,1
0.5101997205992154,0.6758151128897181,0.6398556992883262,1
0.3908990260170533,0.6013096833887991,0.4507268253968651,1
0.3561305784589824,0.5368787371655184,0.6463062308585992,1
0.3835087161410004,0.5034344806676826,0.5551886986189016,1
0.3954441537015525,0.5122878207321476,0.5219730609787525,1
0.3950325894165223,0.4847203517108052,0.5701380246988403,1
0.4237706878905777,0.5283917427659944,0.5407437951745826,1
0.4346682610604915,0.5277811654073014,0.536356822133639,1
0.4218739018395579,0.5147911787744467,0.5611653674284951,1
0.4149130545894156,0.5087006914107118,0.555693123758916,1
0.454119266172788,0.5355507345677671,0.5100197133419868,1
0.4488941573593234,0.5299334436253916,0.5195579342851869,1
0.4287810660140919,0.5112651068137428,0.5327647026119083,1
0.4097416281186125,0.514608006067022,0.5286070181651252,1
0.4097416281186125,0.514608006067022,0.5286070181651252,1
