ms_accelerometer_x,ms_accelerometer_y,ms_accelerometer_z,outcome
0.3547535714719925,0.4945658761379886,0.5079867265834723,1
0.3681985961593876,0.4878495495762936,0.5244034732446762,1
0.3624992824342538,0.4872237085026464,0.500649633131237,1
0.3737066575405255,0.4947032558248644,0.5094847164311576,1
0.4604394958589876,0.5306050758439009,0.4113663763989861,1
0.4446612019596,0.4963365439758175,0.4089206785607044,1
0.5479755997564916,0.7140981768548187,0.436954489640697,1
0.9956777082592004,0.402231644784111,0.9900032081294652,1
0.5374949801732511,0.4606789559006247,0.5368153893043819,1
0.2577122415337582,0.5532574148217432,0.5468733222121518,1
0.3003805887247798,0.5413359382539871,0.5638097827162213,1
0.3560923352948468,0.5302845240748293,0.5692667458222316,1
0.3560923352948468,0.5302845240748293,0.5692667458222316,1
0.3537781857631697,0.5348333087034799,0.5695877403373569,1
0.3537781857631697,0.5348333087034799,0.5695877403373569,1
0.3537781857631697,0.5348333087034799,0.5695877403373569,1
0.3537781857631697,0.5348333087034799,0.5695877403373569,1
0.3569147204758671,0.5315209375053378,0.5658733349845642,1
0.3607971373638929,0.521324333253946,0.5545772694635912,1
0.4328418201202427,0.5223928414433576,0.5191910799224939,1
0.4328418201202427,0.5223928414433576,0.5191910799224939,1
0.4196262934827608,0.5157070416863416,0.5361275385482677,1
0.4198366726357274,0.518683597400458,0.5411565068804485,1
0.4293227742959302,0.5438087688663781,0.5526512835898794,1
0.4256507334273961,0.5406185067626391,0.5552039816868651,1
0.4216726930699944,0.5477927716578004,0.5606762278608388,1
0.4079981640657363,0.5266058099627536,0.534384977664557,1
0.3262378792491643,0.4844303273716417,0.4748322349893475,1
0.3129076055451476,0.4894217797412857,0.4718668245603973,1
0.3438904509609303,0.4793778163908077,0.4957429518197056,1
0.3438904509609303,0.4793778163908077,0.4957429518197056,1
