ms_accelerometer_x,ms_accelerometer_y,ms_accelerometer_z,outcome
0.4014190943681054,0.510318715846711,0.4896745626888783,1
0.3796737242652409,0.4920472537555065,0.4952996685934643,1
0.7214412593159775,0.8751984382980658,0.5756866987346045,1
0.8315642883132793,0.3193918442781707,0.596689127746914,1
0.6475988479716955,0.5898308670592888,0.636019010608866,1
0.5862260215535443,0.456313338352338,0.5427003503147148,1
0.3646221811103355,0.544800948477356,0.4997324964105765,1
0.3993153185058138,0.5569513982758335,0.4968588014819003,1
0.4445846966038021,0.506411035068818,0.5028201899783645,1
0.4193202916437871,0.4850409034798769,0.4855168776159967,1
0.3935777536695184,0.4971760851867975,0.4831323220671473,1
0.4049955055003139,0.506014160660988,0.5121749853054648,1
0.4049955055003139,0.506014160660988,0.5121749853054648,1
0.4549696864507168,0.5318414905248675,0.4974549403065028,1
0.4153422458028045,0.5340700898186439,0.513351976255334,1
0.4217300669949462,0.5345280200241334,0.5157365318041834,1
0.4217300669949462,0.5345280200241334,0.5157365318041834,1
0.4184787812988705,0.5385730826772034,0.5043946079382796,1
0.4184787812988705,0.5385730826772034,0.5043946079382796,1
0.4299730384854638,0.5171724220952819,0.4983720769645535,1
0.4299730384854638,0.5171724220952819,0.4983720769645535,1
0.430718921444161,0.5051746203253287,0.5026673338165145,1
0.430718921444161,0.5051746203253287,0.5026673338165145,1
0.4477977343221912,0.4920472537555065,0.4958958075432866,1
0.4587756050332632,0.4823238440497871,0.491034983637538,1
0.4186700329378345,0.515325433181767,0.4754436578836714,1
0.6451699270890533,0.5397026463516601,0.5210864977819829,1
0.5627593890501097,0.7242337387509741,0.5418443595148587,1
0.4063725212176984,0.4345158055508878,0.5015820554868655,1
0.4089735497745591,0.5934790531162275,0.4706134063748362,1
0.4215388192728258,0.4707229142492709,0.4787912069954753,1
