ms_accelerometer_x,ms_accelerometer_y,ms_accelerometer_z,outcome
0.4381218455298355,0.5337037431533364,0.5105852807714337,1
0.4191002995985994,0.5273079696111709,0.5326424167808461,1
0.4189929341803296,0.5222554630069397,0.5602329500190459,1
0.4083995625157844,0.5244687954596172,0.5345684051589527,1
0.4343998478812901,0.5359323443227997,0.5316335696313106,1
0.430427334881361,0.5500518946301108,0.5378242408366081,1
0.4213549700107122,0.5276590525615243,0.542134782885268,1
0.4091332251078752,0.5263615780189099,0.5332996995227375,1
0.4350977224403923,0.4987483162271103,0.5200623594252014,1
0.4350977224403923,0.4987483162271103,0.5200623594252014,1
0.4395354858793365,0.5006258349464033,0.5111508482008805,1
0.4405196677807238,0.5150964674537932,0.5176319477853765,1
0.4405196677807238,0.5150964674537932,0.5176319477853765,1
0.4867225148671111,0.5218127933902594,0.50477674824899,1
0.5007515746390763,0.5196910463534509,0.4558475046588,1
0.4397860070942946,0.4722493538946301,0.3452255219847026,1
0.4397860070942946,0.4722493538946301,0.3452255219847026,1
0.5496743513719529,0.6266790805462731,0.6538420293009157,1
0.5496743513719529,0.6266790805462731,0.6538420293009157,1
0.3952831076996933,0.5925631927052485,0.6029562311966924,1
0.3952831076996933,0.5925631927052485,0.6029562311966924,1
0.3952831076996933,0.5925631927052485,0.6029562311966924,1
0.3952831076996933,0.5925631927052485,0.6029562311966924,1
0.3952831076996933,0.5925631927052485,0.6029562311966924,1
0.3908990260170533,0.6372420302125146,0.6087800505436917,1
0.4596664691888113,0.5296434199114571,0.5832683714247575,1
0.4181340124466532,0.543152397236678,0.5559376897861523,1
0.4332188301859828,0.5261936721525841,0.5469038921046707,1
0.4054291238212539,0.5301471443879534,0.5598355213811436,1
0.4511130387123221,0.5727500241275861,0.5099432848540977,1
0.4558728978197185,0.5332000211777558,0.4979287940513616,1
