ms_accelerometer_x,ms_accelerometer_y,ms_accelerometer_z,outcome
0.4143094846022925,0.5338258597504871,0.4887574264690966,1
0.3929466216941997,0.548296493633381,0.4772779315754319,1
0.3674909627451145,0.5239345423027548,0.4575747762135607,1
0.3913401040100582,0.5503266540038626,0.4382996250169986,1
0.4015338445681151,0.5635608713301029,0.4384830512591971,1
0.7055290822189966,0.0859384415557587,0.43203252156722,1
0.5218123066097645,0.3782207701515487,0.3743140525837714,1
0.5767207900292328,0.5146843290183947,0.4560920756948255,1
0.4400137753822432,0.5857858044062186,0.4192690310822916,1
0.2522041802309572,0.6572994257321888,0.4681677085365545,1
0.3002658353912952,0.530452433692529,0.4612433229709833,1
0.2906076096061311,0.5343295848522125,0.4240992882260146,1
0.3488630061078946,0.5421907388033183,0.4830864647239744,1
0.3403522831061961,0.4813927167977092,0.4925329734852232,1
0.3627861614594372,0.4996794433541423,0.4478531265237676,1
0.3754661770841964,0.5051440911447795,0.4449030079281619,1
0.3617533994755566,0.503938205144179,0.4325980889966669,1
0.3633407919958017,0.5062583907291448,0.4271564152196066,1
0.4133149713794672,0.5325894450695206,0.5104324250478528,1
0.4156482507752531,0.5301929374085024,0.501948910099998,1
0.4254786085190659,0.5426639389760516,0.5110744209651886,1
0.4272190062673258,0.5355354702275842,0.5105852807714337,1
0.4272190062673258,0.5355354702275842,0.5105852807714337,1
0.4261479923889149,0.52888020165185,0.5120221283296865,1
0.4132958493490457,0.5150659375229694,0.5065651645975776,1
0.4029873593743479,0.5024728247352387,0.5051436028621223,1
0.3710865033497473,0.4875747908277709,0.5036303273794691,1
0.3310000591600057,0.452024051258172,0.5073600165515438,1
0.3414424213651347,0.4718524791741855,0.5113189901229183,1
0.4140991077994321,0.52710953443925,0.577551546075476,1
0.563122762463929,0.3489131682250332,0.9841488414294984,1
