ms_accelerometer_x,ms_accelerometer_y,ms_accelerometer_z,outcome
0.3528028008377157,0.5297807989731039,0.5890004735810164,1
0.3845506535927233,0.4931462889996889,0.554852411644333,1
0.3983208084164634,0.4833465573429629,0.5381605246806834,1
0.3965421619071482,0.4871321224615484,0.5082465825657573,1
0.3777994530331599,0.4932531391308782,0.5111049914838062,1
0.3636659205654092,0.4794388762524555,0.517081665302189,1
0.3157381376355025,0.4679142700285412,0.5541951301546388,1
0.3180140384061242,0.4150689898908227,0.5226914866361748,1
0.3308853058265211,0.4136646568389508,0.5356078265836978,1
0.3873811848997094,0.4466967790278995,0.5461701858836794,1
0.4337980759649568,0.5132647416300035,0.5307011453347762,1
0.4400902713376166,0.51370740749531,0.529417154126203,1
0.4477021085027092,0.5171418934149159,0.5282401638024323,1
0.4525025371746059,0.5128678669095589,0.5179682310033531,1
0.4578767207633947,0.5123183494125135,0.5148193949583031,1
0.4578767207633947,0.5123183494125135,0.5148193949583031,1
0.4451202066764824,0.5175845605306804,0.5199859328156082,1
0.4272572534616437,0.5216754130781546,0.5284694480139024,1
0.4272572534616437,0.5216754130781546,0.5284694480139024,1
0.4095473062581886,0.5316277891370768,0.5495635904603604,1
0.4252299806050439,0.5367566205683677,0.5714525876782284,1
0.4446612019596,0.5418243946389266,0.5829932323745092,1
0.4437623122061506,0.5705061648702296,0.5912016047659631,1
0.427066001039311,0.5653620684735267,0.6482933552651515,1
0.3311721840683358,0.5679722743961907,0.6435700983801326,1
0.3709526268107882,0.5250641059772115,0.5986151198816122,1
0.3616960239838674,0.4332030685437774,0.5454211928381327,1
0.3620594028812678,0.4322719462935313,0.5245410446480963,1
0.3006865960473345,0.4939400363147994,0.5214839214110961,1
0.2830340243355686,0.4732110098270739,0.5351798293054738,1
0.2825367653740498,0.4683874664499006,0.5403769408118896,1
