ms_accelerometer_x,ms_accelerometer_y,ms_accelerometer_z,outcome
0.4279840128231819,0.516180238107701,0.51691352400625,1
0.4279840128231819,0.516180238107701,0.51691352400625,1
0.4249622283104943,0.525460981948114,0.515232106664169,1
0.4225333254453327,0.5268042451346745,0.5177389461657844,1
0.4210224390642542,0.5216754130781546,0.5196343627730761,1
0.4221890740619348,0.5244993260156701,0.5180293732927855,1
0.4157247498641012,0.5141653395764864,0.5128016943982453,1
0.4140608559049018,0.5099676360225024,0.5175402337251293,1
0.4088014232994915,0.5154780759583678,0.5155683911343429,1
0.4111729514563326,0.5151269948837013,0.5087510070796731,1
0.4033124887273241,0.5135395003785261,0.5159658160156535,1
0.3797119745930337,0.5075558633960723,0.4845233129083259,1
0.3874768107191915,0.6627640707718184,0.5301814346224036,1
0.3354371065843959,0.8414641652139055,0.4610446136608213,1
0.3836708937033826,0.5264989577057858,0.499075215108712,1
0.2936102697382909,0.609537190257502,0.5205820726419685,1
0.2936102697382909,0.609537190257502,0.5205820726419685,1
0.2382810154789899,0.6002411795759902,0.5016584834738759,1
0.2514009217805708,0.5919526253502189,0.4531878094336036,1
0.2879683307214776,0.528055924781053,0.473930382463628,1
0.3264100041574945,0.5239956015391737,0.4882530013290822,1
0.3286667797642199,0.537260345670093,0.4846914548303636,1
0.3229483447920332,0.5384357011146407,0.48119104936888,1
0.3306366779124992,0.5352454452631915,0.4898427058631133,1
0.3392238984363083,0.5315972592062528,0.5004967769693871,1
0.4254786085190659,0.4998931446794102,0.5097445717873439,1
0.4203530536276678,0.5075100703755233,0.5174179491462644,1
0.419588043154968,0.5059988969460341,0.5185796551498743,1
0.4265113705029466,0.5080595878725686,0.5159658160156535,1
0.4358253535217689,0.515355961236904,0.5196649357960882,1
0.4392105169318569,0.5265600169422047,0.5282095907794202,1
