ms_accelerometer_x,ms_accelerometer_y,ms_accelerometer_z,outcome
0.4825889529335356,0.4976034877748103,0.4670824316469324,1
0.4535824390814385,0.506640000734269,0.4734412447742676,1
0.4364218934403688,0.4965197166832423,0.4717598268060879,1
0.4612411658014266,0.5553333707136896,0.4674798559021443,1
0.389718008321746,0.5913573135821667,0.4760550839084884,1
0.3834729292807268,0.5831908603228217,0.4642851631400199,1
0.5764798648410926,0.7253938198516752,0.6337567408910786,1
0.6624973427930085,0.5557760372042251,0.6807599948509647,1
0.6699413190334826,0.5306813987952738,0.773192071287091,1
0.4917686813167926,0.4640218551539037,0.494932813980332,1
0.432538850522911,0.5002136966360505,0.5720334381756387,1
0.5022367960385926,0.5556386575173493,0.4946882448226025,1
0.4717450622528727,0.5612101604410076,0.5316794269744836,1
0.4205139425134142,0.5791152739912174,0.5757325541994815,1
0.4237170054013268,0.4640981768548187,0.5120068427573284,1
0.4237170054013268,0.4640981768548187,0.5120068427573284,1
0.4534571784739594,0.5197826323945487,0.544152482819227,1
0.4534571784739594,0.5197826323945487,0.544152482819227,1
0.4793143122938683,0.5057851949330143,0.5227373433532491,1
0.4793143122938683,0.5057851949330143,0.5227373433532491,1
0.452294057873523,0.5171724220952819,0.4997172107756085,1
0.4529024601513134,0.5018775139675528,0.5014750561046998,1
0.4339882813974196,0.4755464595021311,0.4813439057185597,1
0.433684079892051,0.4662046608019021,0.460647183144623,1
0.4430785396982051,0.4747374482219751,0.4185658972582138,1
0.4511309336083525,0.4784772203200116,0.422723586713786,1
0.4658399730433895,0.482445958771251,0.427584409993436,1
0.5015031309544827,0.5025644110264282,0.4648354449971087,1
0.455264495541928,0.5141806045418984,0.4818636145526362,1
0.448679426669373,0.5072200466615887,0.5071918753182146,1
0.4841457487865461,0.5192636423274114,0.5495177331171873,1
