ms_accelerometer_x,ms_accelerometer_y,ms_accelerometer_z,outcome
0.3990284394806303,0.5060752182718116,0.5260390357479787,1
0.3995639456364671,0.5075711274236407,0.5280567363080365,1
0.3982825565219332,0.5053577927826618,0.5258250352305709,1
0.3923154897188809,0.5137379368009048,0.5249231839570486,1
0.386482300629841,0.5071437252732882,0.528561161448051,1
0.3756000537014924,0.5092044158872082,0.5225233434619398,1
0.3550404497138072,0.5031291930512252,0.5054646008834002,1
0.3748541704294478,0.4962144292543536,0.507344730916576,1
0.3774169491285368,0.4902918490074027,0.5118234152629326,1
0.4139843560326849,0.4843234776155898,0.5193133651274574,1
0.43393195916255,0.4998473515338155,0.5168829522354351,1
0.5263067279591065,0.5396568527058823,0.5649256282461649,1
0.5207986666563054,0.5436255955337244,0.5926995833438726,1
0.4405492784046051,0.5462968575666624,0.8393329444843338,1
0.5161512455625296,0.4865062838888171,0.4656302960119269,1
0.3034406251319977,0.5624007777248223,0.5950994319782639,1
0.278501335424322,0.5860147695089634,0.5490897402216539,1
0.2476332472588675,0.5207442883269926,0.507268302804346,1
0.2999215816577912,0.5796953176677129,0.5489827368324568,1
0.3362021147069894,0.5118451542416121,0.5358523963675259,1
0.336182989543093,0.5306813987952738,0.5484171687769114,1
0.3458794727063685,0.550708264384124,0.5428990671380605,1
0.3458794727063685,0.550708264384124,0.5428990671380605,1
0.3485952530299762,0.540679566624287,0.5363873945305524,1
0.3450762134726134,0.5344364364839513,0.5338194102351101,1
0.3746246676793223,0.4983667067221694,0.5134131197969637,1
0.3751984242412886,0.5034039518622707,0.518396228281577,1
0.3792720950400477,0.5044114009403093,0.5195426487128288,1
0.3840916480924721,0.5050982979991847,0.5245104722511827,1
0.3808594870902716,0.5107308536568804,0.5425474939650352,1
0.3679308430814693,0.5107613829624755,0.550924013287316,1
