ms_accelerometer_x,ms_accelerometer_y,ms_accelerometer_z,outcome
0.3943236366282157,0.4711350520594405,0.5188089393613443,1
0.4268556250198193,0.3891958645054785,0.5186713698362201,1
0.4268556250198193,0.3891958645054785,0.5186713698362201,1
0.4306806656327871,0.4996183858058418,0.4999770661944047,1
0.413907856160468,0.5257357406966366,0.4809770507297681,1
0.4183257792043305,0.5327115610414423,0.518380942709219,1
0.4163176315116272,0.5435187407758406,0.5221564884731482,1
0.4261479923889149,0.5307119262251818,0.5155072475927133,1
0.421251941031011,0.5396263246507452,0.5074364447263836,1
0.4228584594985213,0.5308340421971036,0.5015209129469939,1
0.4156099988807228,0.5315362030959788,0.4909585545235502,1
0.41180408421502,0.5105476815746847,0.490377702147844,1
0.4038479933164234,0.5351538617230095,0.472906248489537,1
0.3821026259553495,0.4924441276006305,0.4567340728643587,1
0.3000937089162276,0.4495970161672458,0.4826737542703058,1
0.5328284292153667,0.5249725205613426,0.8004310563962113,1
0.9489739389521386,0.0830534787602589,0.8757738266222654,1
0.5072197767887975,0.5564476725488792,0.5695877403373569,1
0.5072197767887975,0.5564476725488792,0.5695877403373569,1
0.5072197767887975,0.5564476725488792,0.5695877403373569,1
0.5072197767887975,0.5564476725488792,0.5695877403373569,1
0.425937614019317,0.5794053052078997,0.5829167919907458,1
0.3536060592881021,0.5324368010424618,0.5353173982044994,1
0.3743377895158443,0.4691964777300567,0.5358829675122422,1
0.35649396452004,0.4904292286942786,0.5303342903459847,1
0.364736932093714,0.4943369104100149,0.5468733222121518,1
0.3909958502765542,0.4581755953574097,0.5278427357906286,1
0.3893893318090441,0.4512302999415961,0.5237614779534389,1
0.4275441317034585,0.4972066136795948,0.5627397863901682,1
0.4277353872592662,0.4861552034393795,0.5573898266733551,1
0.4851875315775931,0.461335321278035,0.5295700117280798,1
