ms_accelerometer_x,ms_accelerometer_y,ms_accelerometer_z,outcome
0.4538030467528239,0.5101202787991032,0.6163158552469947,1
0.4257272411333002,0.5097691983496656,0.6175692859545288,1
0.3409834158648836,0.5116619821594164,0.5851943572984696,1
0.3286476577337983,0.4929783803823555,0.5503584414751785,1
0.30326849865693,0.4390187984094474,0.4904082726664615,1
0.2825750172685801,0.4084137213150886,0.4698032672832653,1
0.273777418375173,0.4235559792885149,0.4630011719314467,1
0.2928070034542174,0.4494901607841332,0.4902859887136953,1
0.3046455143743147,0.4493833129037681,0.4949786706974063,1
0.3129076055451476,0.4102759658155808,0.4807171947474831,1
0.4316178017971858,0.5232934381393826,0.5153238200983175,1
0.4340275771483449,0.5202100326692143,0.5086592940211837,1
0.4258802369608904,0.5272469141261258,0.5115024169912153,1
0.4267982487447613,0.5296128912310911,0.5133825474000503,1
0.4336833257649471,0.5407406264859349,0.5106769942055822,1
0.4335303260205133,0.5428318423414615,0.5151403926039217,1
0.4271998764032171,0.538817315871505,0.5185643695775162,1
0.4242354759992746,0.5468769074954476,0.5252594696794199,1
0.4261288703584934,0.5434271541095138,0.531694710042447,1
0.4240250944962018,0.5415191115866408,0.5234099085370054,1
0.4248666048411184,0.5557913009191792,0.5426392086513809,1
0.4190716621630277,0.5693766011957729,0.5382369525424738,1
0.4535352991584866,0.5589052350697133,0.5142843992996712,1
0.4619886388348087,0.581114906306562,0.5390318035572922,1
0.3837665195228645,0.5274453492980467,0.5518564325750611,1
0.3655210661635727,0.5461136848592376,0.5629843593044895,1
0.350622525886576,0.4630449348812769,0.5407285058456326,1
0.3366611202072405,0.3999267194128169,0.546934468258176,1
0.3677013406446912,0.4294938288774806,0.5463994694690508,1
0.3938072572030128,0.3567590603368719,0.5242047620562181,1
0.4010557115538614,0.3969196431463112,0.5185796551498743,1
