ms_accelerometer_x,ms_accelerometer_y,ms_accelerometer_z,outcome
0.4287298949985104,0.5079527368660588,0.5434340596661993,1
0.3498192643027148,0.4006746808349888,0.5733480011550267,1
0.3330655799942921,0.3604530381639015,0.5510768646282064,1
0.370761374701803,0.4840639825820211,0.5302425769118361,1
0.3494176350775216,0.4855140992760073,0.5532015654469681,1
0.3475624918294643,0.4304860109893746,0.5327341314671921,1
0.3423030553072103,0.4221211350626883,0.5111814193455968,1
0.3437374465162842,0.4345158055508878,0.5061983102348847,1
0.3434888209523684,0.4532451978475817,0.5097292862149858,1
0.3419588015737064,0.4475668476687875,0.51098270753104,1
0.3437756984108144,0.449413842834592,0.515461390875639,1
0.3369288732851589,0.4530467645513478,0.5230124842817935,1
0.3353414807649138,0.4531688805232696,0.5236086234820552,1
0.3396829039365595,0.4466204610783584,0.5315571392651255,1
0.4403006528406892,0.5092502089077572,0.5261918902193624,1
0.4368389856415408,0.5072200466615887,0.5279191661568137,1
0.422227325956465,0.5077085067979021,0.5238684769599454,1
0.4043069988166746,0.5080137942267907,0.5302884336289103,1
0.4070036531930172,0.5049609186874463,0.5381146667114118,1
0.4070036531930172,0.5049609186874463,0.5381146667114118,1
0.4144816110773602,0.5120741199695859,0.5371669587208154,1
0.4351942215464501,0.5053883212129362,0.5318934231092008,1
0.4338554522400147,0.5008853292922201,0.5315724254635823,1
0.4399181440791802,0.5048082752856164,0.5253970404567414,1
0.4501692632624011,0.511020877996044,0.5277051656394058,1
0.4590624824917092,0.5181646067080917,0.5500833024249301,1
0.4674202041822364,0.5061820694033672,0.5639320660428887,1
0.4714556184645898,0.4935126341644468,0.5873954822224298,1
0.4527702847689432,0.4904444942849195,0.5890004735810164,1
0.4302407884299072,0.4586640554937232,0.5670197591724078,1
0.3930231223497853,0.4386524548702848,0.574096996704968,1
