ms_accelerometer_x,ms_accelerometer_y,ms_accelerometer_z,outcome
0.4604012439644574,0.5112498437240178,0.3400436916679543,1
0.4233939601707769,0.6501862394555447,0.3389584373178835,1
0.2105112132651773,0.6646110784422026,0.5262530325087948,1
0.2509227926831607,0.4794083475720896,0.564788061851534,1
0.2509227926831607,0.4794083475720896,0.564788061851534,1
0.4411039112910757,0.5264531646852368,0.440363181668032,1
0.4033316123244831,0.5395042111797393,0.4610598948504888,1
0.4054736361644613,0.5217059442594364,0.5118234152629326,1
0.3814523692078187,0.5267431896496294,0.4930526841975957,1
0.3651768124300688,0.5284375357865434,0.478485496174412,1
0.4310249201496598,0.5181646067080917,0.5054798864557583,1
0.428117888187088,0.5188820325723789,0.5062135958072428,1
0.425937614019317,0.5268653031206353,0.5121444129085513,1
0.4215961971146212,0.5402826962804453,0.5123584121737619,1
0.4217683220229514,0.5289412602630398,0.5192522222119265,1
0.4233939601707769,0.539809497983399,0.525458180867878,1
0.4131619716350335,0.5552265190819508,0.5301967201947617,1
0.4070036531930172,0.5355507345677671,0.5393528012029107,1
0.4435901849477143,0.5626755345976581,0.5362651080733919,1
0.443303305139162,0.4897423315103573,0.5612112260238654,1
0.4446229445814887,0.5370008506365245,0.5440607700111771,1
0.4738080198907972,0.5446788375072661,0.5415997847222414,1
0.4487157406224811,0.4922609551432973,0.5374879569925327,1
0.3986268102554372,0.2817193726772587,0.880451221781421,1
0.3659035706948907,0.35069910352919,0.5837575047314275,1
0.3516744130343531,0.5453046729538525,0.5307470020518505,1
0.3947443918006739,0.4581603335181426,0.4220357359576717,1
0.3947443918006739,0.4581603335181426,0.4220357359576717,1
0.3206533172907776,0.4966265675021835,0.5036914701071706,1
0.3421883035404631,0.5081969669342155,0.5266963153593769,1
0.3808212372325,0.494275853049283,0.5486005962713072,1
