ms_accelerometer_x,ms_accelerometer_y,ms_accelerometer_z,outcome
0.3743569147580776,0.5745054295009189,0.5517188599194436,1
0.3523055442263031,0.5531200351348673,0.5367695338395049,1
0.3570677210036696,0.5484033421389748,0.5114565602741411,1
0.3623271559591862,0.5404963932916332,0.5169440951509662,1
0.3558245830002973,0.5308950989326067,0.5122972692582309,1
0.3589802436602596,0.5345890798857812,0.5173415206583752,1
0.353586933340837,0.501846985162141,0.4984026482970993,1
0.353586933340837,0.501846985162141,0.4984026482970993,1
0.3665920784752461,0.495893877485282,0.4925788302022975,1
0.3665920784752461,0.495893877485282,0.4925788302022975,1
0.3628626621150229,0.4885364467602147,0.4887727126675534,1
0.3554612033195281,0.4792709685104427,0.4888338555830844,1
0.3566087162867872,0.4735468259363286,0.483743746839767,1
0.3732094019474923,0.4939095080095708,0.4811451926518058,1
0.3732094019474923,0.4939095080095708,0.4811451926518058,1
0.3597835028940148,0.4593051590318665,0.4643921608943293,1
0.3597835028940148,0.4593051590318665,0.4643921608943293,1
0.4235852125931096,0.5224233682480367,0.4380091966378002,1
0.4108095702088261,0.5033734233694735,0.3862521071349951,1
0.47797731972085,0.5986689412830214,0.5510157260953659,1
0.4087057990467468,0.5149896158220545,0.5205667851913145,1
0.3671084590755021,0.5297655365086079,0.5261460328761894,1
0.3850670338012949,0.5598058336414253,0.5233029095304987,1
0.3564174654311919,0.5202710912804042,0.5353632567998696,1
0.3923537400466738,0.5620649609903386,0.5209794962710818,1
0.3923537400466738,0.5620649609903386,0.5209794962710818,1
0.4022032245211205,0.5549059673128792,0.5370446728897532,1
0.3814523692078187,0.5575009145224209,0.5330398454187486,1
0.3829632602891095,0.5495481707788435,0.5292948707995354,1
0.3930039971858889,0.560813283844876,0.5279191661568137,1
0.3860424202934863,0.553318470306788,0.5282554474964946,1
