ms_accelerometer_x,ms_accelerometer_y,ms_accelerometer_z,outcome
0.4097959365223167,0.5129594535758859,0.5075281581605322,1
0.4123778399152809,0.5116619821594164,0.5066415930854667,1
0.4102549412391991,0.5035108027437348,0.5025144778424941,1
0.4077495361517144,0.513661614474761,0.5013680568477537,1
0.403752365930204,0.5244840604250292,0.5021323374065643,1
0.4008644599148974,0.5310324786194824,0.5028507611230807,1
0.3807638617408108,0.5232781737991996,0.4797694880090839,1
0.3807638617408108,0.5232781737991996,0.4797694880090839,1
0.3565130912506739,0.5308187791073786,0.4687027060734824,1
0.3565130912506739,0.5308187791073786,0.4687027060734824,1
0.4011322153429218,0.6476523364769262,0.0,1
0.4181345267819978,0.5079832655464247,0.4607388978309689,1
0.4181345267819978,0.5079832655464247,0.4607388978309689,1
0.351311033353584,0.6028819091771884,0.4494122599130825,1
0.2601985128402907,0.5114330164314426,0.569694740596061,1
0.2779275805074299,0.5477775035662436,0.4896134216516432,1
0.3481171223658287,0.5622939260930834,0.4305498197962875,1
0.3481171223658287,0.5622939260930834,0.4305498197962875,1
0.3482701221102625,0.5637440446627566,0.4469665645791953,1
0.3482701221102625,0.5637440446627566,0.4469665645791953,1
0.3482701221102625,0.5637440446627566,0.4469665645791953,1
0.3482701221102625,0.5637440446627566,0.4469665645791953,1
0.3918756109492637,0.5053730568102304,0.5064581659667301,1
0.3914931053212295,0.5256441540303097,0.5172650927965848,1
0.4008644599148974,0.5286970283191963,0.5025909057668945,1
0.4008644599148974,0.5286970283191963,0.5025909057668945,1
0.4008644599148974,0.5286970283191963,0.5025909057668945,1
0.387610687649835,0.5268958311757723,0.4842787431244977,1
0.387610687649835,0.5268958311757723,0.4842787431244977,1
0.3725208943238106,0.5335510997515065,0.4689167034603971,1
0.3725208943238106,0.5335510997515065,0.4689167034603971,1
