ms_accelerometer_x,ms_accelerometer_y,ms_accelerometer_z,outcome
0.4909097629546715,0.5621718157482224,0.5689763174430332,1
0.4206392012885263,0.5556386575173493,0.5545772694635912,1
0.4339882813974196,0.5571650959122505,0.5323214203874248,1
0.4168456294063707,0.5319941358023842,0.5192216510672102,1
0.4120499811665655,0.5346654015866961,0.5145442540297587,1
0.3948178579936251,0.5469379617300346,0.516470241155668,1
0.3846897338363078,0.5420686284584573,0.5220342038942836,1
0.401599763393047,0.542419703906063,0.5176778045024507,1
0.3894138046175369,0.5286665015145172,0.5127558376811711,1
0.431286256908216,0.4912077125445266,0.5039971820552114,1
0.4389628711947665,0.493436311838303,0.501903053257704,1
0.4337198682182183,0.4922304264629313,0.4993503560998663,1
0.4241285718851972,0.5008853292922201,0.4997172107756085,1
0.4195118660824699,0.5077085067979021,0.4759939397407601,1
0.4109942228327278,0.4780040226481943,0.4796624864981827,1
0.403317607446757,0.5285596486323203,0.4827654677044544,1
0.410188983441713,0.5208511374578155,0.5210712103313289,1
0.410188983441713,0.5208511374578155,0.5210712103313289,1
0.4283873951591986,0.4422395841917206,0.4779046431726071,1
0.4283873951591986,0.4422395841917206,0.4779046431726071,1
0.6817872857786164,0.5770240581356907,0.691245938811129,1
0.6817872857786164,0.5770240581356907,0.691245938811129,1
0.7582492410647427,0.4348516222853714,0.5891686123725608,1
0.7582492410647427,0.4348516222853714,0.5891686123725608,1
0.5178584355920548,0.5428623722722855,0.5551122670005192,1
0.5178584355920548,0.5428623722722855,0.5551122670005192,1
0.4526340469721121,0.5843662220196592,0.5407437951745826,1
0.4526340469721121,0.5843662220196592,0.5407437951745826,1
0.425524320270455,0.517905112299752,0.5401935139435925,1
0.425524320270455,0.517905112299752,0.5401935139435925,1
0.4436153653236611,0.5406490410700658,0.5423487865331691,1
