ms_accelerometer_x,ms_accelerometer_y,ms_accelerometer_z,outcome
0.3875915617025698,0.4924288628853101,0.4998547813024905,1
0.3823703794249522,0.4880327216584894,0.5043487510959858,1
0.3878210644526954,0.4973134645610588,0.5053270301060787,1
0.4111538239423301,0.5226828632816053,0.5248620416676162,1
0.414194733618914,0.5088685997779537,0.5242353319487371,1
0.4089161742828698,0.5222401961658409,0.5257027506517061,1
0.4183831554793885,0.5413664619325212,0.5305024322680224,1
0.4077495361517144,0.5128678669095589,0.5148652516753774,1
0.6674508213652349,0.8218494193035845,0.506183024912966,1
0.5082907828335211,0.3659634812259119,0.5604010888105904,1
0.3783732092034419,0.598684215626868,0.6179667020704581,1
0.3564365890283508,0.5453046729538525,0.5438926268369421,1
0.379520722170701,0.5973562167804904,0.5346754029132621,1
0.2833017797635931,0.5524484016659,0.5286681592023603,1
0.3405435386620037,0.5500976882758889,0.4906375568779315,1
0.4078451651046713,0.5203932060018681,0.4687638477368162,1
0.4033316123244831,0.5598058336414253,0.53002858015102,1
0.3801709793099161,0.5440682576476571,0.5152932495797,1
0.3491307568357069,0.5578825230269955,0.526711600931735,1
0.3469504826679357,0.5731926924938086,0.5086745792178825,1
0.4427869241472217,0.4992978338492014,0.5047614626766318,1
0.434945591282322,0.4928562656608916,0.4992739280502462,1
0.4250961083746127,0.4979393040716336,0.4988000741175578,1
0.4262627402388185,0.4954054173489686,0.4958193796814961,1
0.4369919853859746,0.4989620174898552,0.4985096474914356,1
0.4353089725298286,0.5016180194966902,0.504715605771728,1
0.4200852981996433,0.4901697349111678,0.4941838194321485,1
0.4179050263819784,0.4883227441219661,0.4992892135599944,1
0.4165662594256492,0.4965502456136998,0.5054034582809185,1
0.4137357265519256,0.4954664747097005,0.5025909057668945,1
0.3922772401744569,0.4960159922067459,0.4887115697520223,1
