ms_accelerometer_x,ms_accelerometer_y,ms_accelerometer_z,outcome
0.4157629986251566,0.4331420149344193,0.4902554175689791,1
0.4249239818995451,0.451276093587374,0.4595160526684199,1
0.4547401829172225,0.495939670505831,0.4526680943385405,1
0.7334901752402091,0.7432836840671976,0.7483835510361808,1
0.4023179762878676,0.472371466740407,0.516500812300384,1
0.2627421737391493,0.4202130800352359,0.514804109385945,1
0.2949299091806177,0.66801501880026,0.5158129596659738,1
0.297416183620625,0.5216448850230175,0.5610889395667047,1
0.2698567519427231,0.5107613829624755,0.520597355709932,1
0.3334289588916925,0.5338411247158991,0.4697421268721288,1
0.3243827320842635,0.5319178141014693,0.4614878958853047,1
0.3364698685682765,0.54324398077686,0.460815328197154,1
0.3292787865756422,0.5456252247229242,0.4737163850767134,1
0.3181861648811919,0.5446788375072661,0.4793262051585019,1
0.3181861648811919,0.5446788375072661,0.4793262051585019,1
0.4144051104217745,0.5370619079972564,0.5196802194901503,1
0.416011628105916,0.5434882139711615,0.5207960687766859,1
0.4213666935811269,0.5493649974461897,0.5216673489054919,1
0.4115172059732053,0.541503843495084,0.5253664668076308,1
0.4115172059732053,0.541503843495084,0.5253664668076308,1
0.4168148873396711,0.547365365130845,0.5330551284867121,1
0.4168148873396711,0.547365365130845,0.5330551284867121,1
0.4349264637683194,0.5231102654319578,0.5464300418659643,1
0.4349264637683194,0.5231102654319578,0.5464300418659643,1
0.4340658290428751,0.5342379981858856,0.5543938413430969,1
0.4340658290428751,0.5342379981858856,0.5543938413430969,1
0.4206590531165353,0.5164855249113607,0.5541798470866753,1
0.4025666057686271,0.5256288878144398,0.5633359262165284,1
0.7777841535287378,0.7463670757823284,0.7405267330347928,1
0.4674775781071882,0.631991075931783,0.5152168204657123,1
0.2934763920242787,0.5996458678079379,0.5032787584013046,1
