ms_accelerometer_x,ms_accelerometer_y,ms_accelerometer_z,outcome
0.4367242338747937,0.5102423947710251,0.4857461618274667,1
0.433205196667537,0.5057394019124655,0.4919062631402454,1
0.4208885566500296,0.506563678408125,0.4975007971487968,1
0.3975175499660771,0.490047620189704,0.5000229230366987,1
0.405645762639529,0.5056478156212759,0.501872481987768,1
0.4056266382590013,0.4658841059066856,0.502376907315612,1
0.410962572303366,0.4642202903258245,0.4906681286487463,1
0.4198749213967829,0.4769049876541036,0.482597325156318,1
0.4198749213967829,0.4769049876541036,0.482597325156318,1
0.3925832427967993,0.4729973084392831,0.4862505869674812,1
0.3925832427967993,0.4729973084392831,0.4862505869674812,1
0.3258936231655542,0.5296434199114571,0.4980969359733993,1
0.3258936231655542,0.5296434199114571,0.4980969359733993,1
0.4806739725304553,0.483254971301865,0.6774888861229242,1
0.4806739725304553,0.483254971301865,0.6774888861229242,1
0.4875208031396917,0.4617932539844405,0.553904708036427,1
0.5039493690623001,0.5139974324597026,0.6482933552651515,1
0.4711878787039397,0.561622298876406,0.5547759869130356,1
0.4711878787039397,0.561622298876406,0.5547759869130356,1
0.4173695186594042,0.5422823260948741,0.5144372543971534,1
0.4173695186594042,0.5422823260948741,0.5144372543971534,1
0.4173695186594042,0.5422823260948741,0.5144372543971534,1
0.4173695186594042,0.5422823260948741,0.5144372543971534,1
0.3869604297272511,0.56696482419274,0.5327647026119083,1
0.3670893335199214,0.5501129526160718,0.5333302706674538,1
0.4204104275526195,0.5482507018632898,0.488283573099897,1
0.4182684037126413,0.5469227011412254,0.4886809992334048,1
0.4096238084805116,0.5353828268257543,0.5053728870735923,1
0.4054162606727721,0.540603248049517,0.5004356344921251,1
0.4068697786124798,0.5366497701870868,0.4981886496579873,1
0.3986268102554372,0.5426791989396317,0.5069167342644505,1
