ms_accelerometer_x,ms_accelerometer_y,ms_accelerometer_z,outcome
0.3112628375332133,0.5158596850881714,0.4801210549211228,1
0.3371966232296025,0.511142992092279,0.4938781069832288,1
0.3648899341882539,0.5294907777600851,0.52891272836009,1
0.4305085399410882,0.508578576689248,0.5170510941574729,1
0.4305085399410882,0.508578576689248,0.5170510941574729,1
0.4222847030148917,0.5064720921169356,0.5128169805967021,1
0.4207164309583307,0.5083801396416403,0.5187783682166281,1
0.4241780989408479,0.5080595878725686,0.5207654995102656,1
0.4205634351307405,0.5100134290430514,0.5184115138539352,1
0.4197027949217152,0.5131578899982646,0.5191146520607035,1
0.4344674590514371,0.5099523704318615,0.5235169100479066,1
0.4344674590514371,0.5099523704318615,0.5235169100479066,1
0.4323254399116711,0.5143332473184992,0.5204903585817212,1
0.4323254399116711,0.5143332473184992,0.5204903585817212,1
0.4368963595664926,0.5327115610414423,0.5363415359351823,1
0.4287298949985104,0.6101325020255544,0.4915699799222686,1
0.2960965433949296,0.7742245716437501,0.3574081619722208,1
0.2960965433949296,0.7742245716437501,0.3574081619722208,1
0.3799032270153665,0.6808981556770628,0.4629400252593237,1
0.3397020291004558,0.5762608348742518,0.5038901827356553,1
0.3397020291004558,0.5762608348742518,0.5038901827356553,1
0.1504389199263057,0.437767117512611,0.5989972654515512,1
0.2575018521969984,0.6468433276976862,0.4750615192008176,1
0.2879492008573689,0.6615276554656229,0.463276312859991,1
0.3288006574782321,0.5574856464308642,0.4681371386440356,1
0.3213609499216819,0.5002289610387564,0.4746640918151126,1
0.3315355621823675,0.5058462525438379,0.4716528277995813,1
0.3326065760607784,0.5179966983408498,0.4718821120110514,1
0.4148641143552882,0.5160733864759621,0.5104629955664703,1
0.4242163461351658,0.5265294863861517,0.5131685487609382,1
0.4327079377060182,0.5262547276376291,0.5163938139199761,1
