ms_accelerometer_x,ms_accelerometer_y,ms_accelerometer_z,outcome
0.3846897338363078,0.5420686284584573,0.5220342038942836,1
0.401599763393047,0.542419703906063,0.5176778045024507,1
0.3894138046175369,0.5286665015145172,0.5127558376811711,1
0.431286256908216,0.4912077125445266,0.5039971820552114,1
0.4389628711947665,0.493436311838303,0.501903053257704,1
0.4337198682182183,0.4922304264629313,0.4993503560998663,1
0.4241285718851972,0.5008853292922201,0.4997172107756085,1
0.4195118660824699,0.5077085067979021,0.4759939397407601,1
0.4109942228327278,0.4780040226481943,0.4796624864981827,1
0.403317607446757,0.5285596486323203,0.4827654677044544,1
0.410188983441713,0.5208511374578155,0.5210712103313289,1
0.410188983441713,0.5208511374578155,0.5210712103313289,1
0.4283873951591986,0.4422395841917206,0.4779046431726071,1
0.4283873951591986,0.4422395841917206,0.4779046431726071,1
0.6817872857786164,0.5770240581356907,0.691245938811129,1
0.6817872857786164,0.5770240581356907,0.691245938811129,1
0.7582492410647427,0.4348516222853714,0.5891686123725608,1
0.7582492410647427,0.4348516222853714,0.5891686123725608,1
0.5178584355920548,0.5428623722722855,0.5551122670005192,1
0.5178584355920548,0.5428623722722855,0.5551122670005192,1
0.4526340469721121,0.5843662220196592,0.5407437951745826,1
0.4526340469721121,0.5843662220196592,0.5407437951745826,1
0.425524320270455,0.517905112299752,0.5401935139435925,1
0.425524320270455,0.517905112299752,0.5401935139435925,1
0.4436153653236611,0.5406490410700658,0.5423487865331691,1
0.4436153653236611,0.5406490410700658,0.5423487865331691,1
0.358403138636498,0.5205611162447968,0.5292948707995354,1
0.4132667873346295,0.5399163496151378,0.5415080737924874,1
0.453439287242663,0.4785535407704687,0.492288403701395,1
0.4653747277350021,0.4888112055087374,0.4933278247504809,1
0.4653747277350021,0.4888112055087374,0.4933278247504809,1
