ms_accelerometer_x,ms_accelerometer_y,ms_accelerometer_z,outcome
0.5207986666563054,0.5436255955337244,0.5926995833438726,1
0.4405492784046051,0.5462968575666624,0.8393329444843338,1
0.5161512455625296,0.4865062838888171,0.4656302960119269,1
0.3034406251319977,0.5624007777248223,0.5950994319782639,1
0.278501335424322,0.5860147695089634,0.5490897402216539,1
0.2476332472588675,0.5207442883269926,0.507268302804346,1
0.2999215816577912,0.5796953176677129,0.5489827368324568,1
0.3362021147069894,0.5118451542416121,0.5358523963675259,1
0.336182989543093,0.5306813987952738,0.5484171687769114,1
0.3458794727063685,0.550708264384124,0.5428990671380605,1
0.3458794727063685,0.550708264384124,0.5428990671380605,1
0.3485952530299762,0.540679566624287,0.5363873945305524,1
0.3450762134726134,0.5344364364839513,0.5338194102351101,1
0.3746246676793223,0.4983667067221694,0.5134131197969637,1
0.3751984242412886,0.5034039518622707,0.518396228281577,1
0.3792720950400477,0.5044114009403093,0.5195426487128288,1
0.3840916480924721,0.5050982979991847,0.5245104722511827,1
0.3808594870902716,0.5107308536568804,0.5425474939650352,1
0.3679308430814693,0.5107613829624755,0.550924013287316,1
0.359362746154819,0.5152643745705772,0.5516271489896897,1
0.3514831598286516,0.5190041491695296,0.5609208026534561,1
0.3448658366697529,0.5176914102867323,0.5671420424990753,1
0.3554994552140583,0.5234613465066245,0.5610430841018277,1
0.3854686638098568,0.522866035363801,0.5741887076347221,1
0.4449098251734097,0.5100592220636003,0.5314348540601621,1
0.4449098251734097,0.5100592220636003,0.5314348540601621,1
0.4182492777653763,0.6873091910584954,0.938062721811098,1
0.4834280070986994,0.6023629253623408,0.7033215534959971,1
0.237649886637146,0.5872359292281817,0.536677819153159,1
0.237649886637146,0.5872359292281817,0.536677819153159,1
0.2470786222060841,0.5156459843256097,0.5286375880576442,1
