ms_accelerometer_x,ms_accelerometer_y,ms_accelerometer_z,outcome
0.385526039301546,0.5172334800812427,0.502376907315612,1
0.4033507374883795,0.5067010578449093,0.5072835890028027,1
0.4407022828492511,0.4884448600938879,0.4981733640856292,1
0.4597318632280833,0.4626938525561523,0.5029271892353107,1
0.9582879110037988,0.7715533121117282,0.6646031185723149,1
0.4298009112270274,0.528758088180844,0.5197107925131625,1
0.4121865859262107,0.5544633020728016,0.5290502991374114,1
0.4008644599148974,0.5747954544653116,0.5463383309362103,1
0.3941706353170444,0.5522652283332464,0.5408049337074231,1
0.3665155770362918,0.5535932309309977,0.5278274520965665,1
0.3550787000416001,0.5427402588012795,0.51269469476564,1
0.3432019434939223,0.5312003863614952,0.5196037916283599,1
0.350622525886576,0.5241024500447676,0.521911920567616,1
0.350622525886576,0.5241024500447676,0.521911920567616,1
0.3733624036503479,0.5048388033407535,0.5219577772846903,1
0.4025474782546245,0.5130968326375327,0.5090261480082174,1
0.4636525374942203,0.5089449214788686,0.5102948548966298,1
0.482280489431228,0.4864910189234052,0.4834991764298402,1
0.8223268122169923,0.9714861575180372,0.7717858098999218,1
0.2015032407023847,0.3917755404973186,0.7551550645996061,1
0.4474343530746847,0.5841067269860906,0.6522370442033157,1
0.2815040033901692,0.5741696127664354,0.5447944781104643,1
0.323196970355949,0.5672243192263087,0.5405297946571748,1
0.3818731235969083,0.5253999227116951,0.5748459922549093,1
0.3647178077131863,0.5403590142299863,0.5655370511404888,1
0.3643353028685208,0.5363902770292049,0.5465828957112493,1
0.3707996251862694,0.5433050431394237,0.539398659798281,1
0.3805152330434201,0.5299029161954837,0.5384356637309319,1
0.3753514257874705,0.5500824289375377,0.5388942327799707,1
0.369938990539162,0.5480675285306362,0.5368001043581224,1
0.4131237197405032,0.5467395296842587,0.5347976893704228,1
