ms_accelerometer_x,ms_accelerometer_y,ms_accelerometer_z,outcome
0.3831162628536707,0.5542496031859268,0.5284388749908904,1
0.3838430201784502,0.5531810924955992,0.5157212462318254,1
0.3841872739119542,0.5551959891511269,0.514590110746833,1
0.3807447357935457,0.5593173735051119,0.5169899518680404,1
0.3835943930477969,0.5336579513832453,0.5397349436423564,1
0.3849714079818129,0.5428623722722855,0.534935258895547,1
0.4011513389400808,0.5383441175744587,0.53002858015102,1
0.4001759524478894,0.5353675618603423,0.5225386290342979,1
0.4267982487447613,0.5358102289761068,0.5226914866361748,1
0.4287490193790381,0.5362223655358184,0.536402677598516,1
0.426970375219829,0.5481285821399942,0.5482490274809723,1
0.4160881279781329,0.5400842548562347,0.5462771836379887,1
0.4160881279781329,0.5400842548562347,0.5462771836379887,1
0.3952798979565107,0.5268805693365053,0.5286834447747185,1
0.3766901907070411,0.5011448238881284,0.5022546222984783,1
0.3766901907070411,0.5011448238881284,0.5022546222984783,1
0.4458469582043334,0.5471058732234212,0.5667599031901228,1
0.6229081783443546,0.5722005103819147,0.7145106250192526,1
0.6690573382660078,0.5491970897041769,0.5973158399701877,1
0.5960372604004105,0.5300860889029085,0.4570703504474476,1
0.4506091381151748,0.5986536794437542,0.4723865371510658,1
0.3233882180780694,0.5838472382048115,0.5272924539335399,1
0.318836422020407,0.5489223290799673,0.5566255424205625,1
0.3665538281474533,0.5466937354132517,0.5211323544990573,1
0.3576797293818293,0.5610269871083537,0.5145289684574006,1
0.3644500538518992,0.5497008141806734,0.5307775731965667,1
0.3686576010329438,0.547365365130845,0.5320462807110778,1
0.3627287851843794,0.5428318423414615,0.5327035615746732,1
0.3639145484794313,0.5482049100931988,0.5292795833488815,1
0.4041157471777106,0.5342837912064345,0.5315724254635823,1
0.4063533984039082,0.5341158815887348,0.5319392798262752,1
