ms_accelerometer_x,ms_accelerometer_y,ms_accelerometer_z,outcome
0.3532618047712294,0.5607369621439612,0.5598355213811436,1
0.3771109454094781,0.5389852211126019,0.5414010735337834,1
0.3431828175466572,0.5430608074442063,0.5524984278662984,1
0.3431828175466572,0.5430608074442063,0.5524984278662984,1
0.3834605161171533,0.5444193387223236,0.5668363310519134,1
0.3878401896165918,0.5559592099116499,0.5491814530297039,1
0.3878401896165918,0.5559592099116499,0.5491814530297039,1
0.3732285271897255,0.5432134570983258,0.5430672034252104,1
0.4073096565987284,0.5234766102215783,0.5524525705231255,1
0.4081129158324835,0.5416717506118678,0.5464453249339278,1
0.4081129158324835,0.5416717506118678,0.5464453249339278,1
0.4000038251894531,0.5324978577779647,0.5456504770496029,1
0.3946296400339268,0.5357186435602379,0.5439537741351638,1
0.3797311001486145,0.5301318819234575,0.53650967785722,1
0.3760208082472558,0.5253846577462831,0.5226456299191006,1
0.3579666076236442,0.4969165907784578,0.5012763432257754,1
0.3473712394071315,0.4930547027084994,0.5022851936936339,1
0.3954328992676819,0.5075711274236407,0.5020253381496181,1
0.4443360671230427,0.4863383761468043,0.475825800323117,1
0.4443360671230427,0.4863383761468043,0.475825800323117,1
0.5146021025867087,0.4898797111972331,0.4541966597136325,1
1.0,0.3756716240905325,0.9885510975384054,1
0.2898999769752267,0.6201611935331016,0.8898213327336143,1
0.6283014917972523,0.3433264034621079,0.5516730044545667,1
0.4419071697414621,0.582610822898616,0.6228580977470216,1
0.2927113776347353,0.5361002520648125,0.5154002485862066,1
0.348843878593892,0.5566308458815329,0.5786215361405426,1
0.3563792135366617,0.5410917050596855,0.5544091306720468,1
0.3660756974833058,0.5178135256334251,0.5565949725280436,1
0.3678160920980908,0.5253541290659172,0.5513520061828494,1
0.3628052858399649,0.539031012882693,0.5323978482492153,1
