ms_accelerometer_x,ms_accelerometer_y,ms_accelerometer_z,outcome
0.447950734066625,0.5108224403232074,0.5193439362721737,1
0.4463250951354307,0.5107613829624755,0.5229054833969908,1
0.4328035635255002,0.5091891515470253,0.5238684769599454,1
0.4127985903875269,0.5079680012062417,0.5290350135650533,1
0.4127985903875269,0.5079680012062417,0.5290350135650533,1
0.4127985903875269,0.5079680012062417,0.5290350135650533,1
0.4074052824182104,0.5080137942267907,0.5269103146245875,1
0.4074052824182104,0.5080137942267907,0.5269103146245875,1
0.41400348197995,0.5048998613267144,0.5287598726365089,1
0.4183640295321233,0.5040755844559174,0.5234557652540796,1
0.4292654003709784,0.5073268976680985,0.5295241550110056,1
0.430718921444161,0.5057546662526484,0.5341709802776422,1
0.4391913870677482,0.501434846976834,0.5352562577933629,1
0.4761795590148004,0.5126389011815853,0.5934027296899235,1
0.4111155759646434,0.4970692341802876,0.5866311973435386,1
0.3614856456142695,0.4921541041367874,0.586799348657056,1
0.2995773279242872,0.4473684156230115,0.5874566207552703,1
0.3265438818715067,0.413191471046484,0.5667446201221593,1
0.3323579473633878,0.4181676559498002,0.5556319764606944,1
0.32537724452372,0.3984460771646096,0.545864471932123,1
0.3386692678999439,0.4436897002604779,0.5489368782370865,1
0.3545431931023946,0.4780345538294762,0.5401476553482224,1
0.3520377911483847,0.4564354580756337,0.5284388749908904,1
0.3474477392793484,0.4397972835101535,0.5190840802898887,1
0.3526880482875998,0.4486200896423293,0.5086287225008084,1
0.4093560546192246,0.5216448850230175,0.5289585857032628,1
0.4512594015213397,0.5114482801463966,0.5246786141732205,1
0.4116510805537428,0.5028391697749508,0.5288515860706575,1
0.4159733801282294,0.5125778444460822,0.5253511831135685,1
0.4145772368968422,0.5132189486094545,0.5325201334541787,1
0.4605542515425784,0.5251251639631724,0.5579095355074316,1
