ms_accelerometer_x,ms_accelerometer_y,ms_accelerometer_z,outcome
0.4278883870036999,0.5017859278014091,0.5432812039426183,1
0.4399755203542381,0.501434846976834,0.5311902849024326,1
0.4517566526491713,0.5181188136875428,0.4887574264690966,1
0.4816493605893841,0.4811179561734997,0.4482505551616699,1
0.4740184013938699,0.5377640738979633,0.4372143456229819,1
0.434945591282322,0.548311755472648,0.4776447859381249,1
0.38919808017008,0.5286665015145172,0.5608443729133697,1
0.38919808017008,0.5286665015145172,0.5608443729133697,1
0.4249622283104943,0.598149951215884,0.6430198202796358,1
0.4667699454762838,0.5993711109351022,0.6419498239535825,1
0.4003672040868535,0.603294047612587,0.6705339193950585,1
0.3525732973042215,0.589296621405174,0.6554623037274657,1
0.3528028008377157,0.5297807989731039,0.5890004735810164,1
0.3845506535927233,0.4931462889996889,0.554852411644333,1
0.3983208084164634,0.4833465573429629,0.5381605246806834,1
0.3965421619071482,0.4871321224615484,0.5082465825657573,1
0.3777994530331599,0.4932531391308782,0.5111049914838062,1
0.3636659205654092,0.4794388762524555,0.517081665302189,1
0.3157381376355025,0.4679142700285412,0.5541951301546388,1
0.3180140384061242,0.4150689898908227,0.5226914866361748,1
0.3308853058265211,0.4136646568389508,0.5356078265836978,1
0.3873811848997094,0.4466967790278995,0.5461701858836794,1
0.4337980759649568,0.5132647416300035,0.5307011453347762,1
0.4400902713376166,0.51370740749531,0.529417154126203,1
0.4477021085027092,0.5171418934149159,0.5282401638024323,1
0.4525025371746059,0.5128678669095589,0.5179682310033531,1
0.4578767207633947,0.5123183494125135,0.5148193949583031,1
0.4578767207633947,0.5123183494125135,0.5148193949583031,1
0.4451202066764824,0.5175845605306804,0.5199859328156082,1
0.4272572534616437,0.5216754130781546,0.5284694480139024,1
0.4272572534616437,0.5216754130781546,0.5284694480139024,1
