ms_accelerometer_x,ms_accelerometer_y,ms_accelerometer_z,outcome
0.4810564836420705,0.4404383870482968,0.5020864806268801,1
0.4546828089922707,0.4368054628306251,0.4788676367355617,1
0.4682425846630443,0.4581145386219068,0.474358381620148,1
0.4553330676982233,0.4885059168293909,0.4601274774410396,1
0.4336068219758865,0.504319814524074,0.4788064944461294,1
0.3962935339931262,0.517050306748589,0.481450903472869,1
0.4228584594985213,0.5578825230269955,0.5084147238616963,1
0.4601717482646503,0.5648430784063895,0.5217284930732203,1
0.6045288519712628,0.61587189768573,0.8575686623602767,1
0.5703329743206721,0.4777292638996717,0.5506947290758458,1
0.3603955081386997,0.6513768629916491,0.4780574976439908,1
0.408782298135595,0.5707046000421505,0.5366013912913685,1
0.5308967829616177,0.440209421945552,0.5664694748109245,1
0.4070610286847064,0.5530437134339523,0.5216214921884176,1
0.3811081154743148,0.5249419906305186,0.5057244566152457,1
0.3563027136644447,0.5444498724045214,0.5162256713718397,1
0.3990858149723196,0.5393973595480005,0.5382063801455604,1
0.4026048545296824,0.5642630347298939,0.5330857008836256,1
0.3524585463208431,0.5722157722211817,0.5062747387227738,1
0.3603190082664828,0.5637287765711998,0.5124195538370957,1
0.4239677166544065,0.5126694311124091,0.5344461193278907,1
0.4296670303795403,0.5077085067979021,0.5369988174248763,1
0.4276206394093626,0.5022438590697879,0.5371363875760992,1
0.4203339261136652,0.4875595264875879,0.5352562577933629,1
0.413047220651655,0.4795304629187824,0.5376560982884717,1
0.416470631256061,0.4590304021590307,0.5294935819879935,1
0.4058752653896545,0.4174196945276284,0.463811310396919,1
0.4200087975440576,0.4511539801163681,0.4715763999377909,1
0.4215196894087171,0.4517340237928635,0.4443832972157894,1
0.4275632615675672,0.4369733743240118,0.4340043691667954,1
0.4408935297880029,0.4954817390498835,0.4843551709862882,1
