ms_accelerometer_x,ms_accelerometer_y,ms_accelerometer_z,outcome
0.4090500535636195,0.5740627611346966,0.7746595025120331,1
0.4075582868628565,0.4203962471155999,0.6320294662058247,1
0.3812228664576932,0.4930089096879504,0.4735329582084162,1
0.3675865893479653,0.5392599779854377,0.4759633704743398,1
0.3284564060948343,0.382204772942971,0.460616617008696,1
0.3063285327140417,0.4740963434333738,0.5087662926520311,1
0.3420735533404535,0.5255525679892119,0.552376142661335,1
0.3489395067634802,0.4909482181361869,0.550862866615193,1
0.3547726958525202,0.4622969797113948,0.5102489969273583,1
0.3686002253845808,0.4686164315526454,0.499029358266418,1
0.3902117169900643,0.4770728972718034,0.5021781942488581,1
0.4007114578203574,0.4481774275283966,0.531388998595285,1
0.4115363287869956,0.5121657066359128,0.5121444129085513,1
0.4147493665053847,0.5138600527728268,0.518380942709219,1
0.4167001347895552,0.5167755480000663,0.526069605014399,1
0.4371067379360904,0.5091738872068423,0.5364179637969727,1
0.4506856442543414,0.517905112299752,0.529814579633612,1
0.4506856442543414,0.517905112299752,0.529814579633612,1
0.4355767201241659,0.5198589528450057,0.4958499508262123,1
0.4413907887495217,0.5255525679892119,0.4961556635255715,1
0.4097003083527285,0.5159207430741323,0.5407896525177556,1
0.4032742368327939,0.512791545208644,0.5345378340142365,1
0.437240614866734,0.5977225571935082,0.5439690546987327,1
0.3934630026861401,0.4567712685578275,0.5726448610699625,1
0.4254212330273766,0.4953443596130993,0.6838629898314067,1
0.4422896730193901,0.4933141971168391,0.7122942232883153,1
0.3808594870902716,0.5075863918263467,0.6820439854334392,1
0.4272572534616437,0.5334747780505915,0.5500221576311032,1
0.3907854734736938,0.4970692341802876,0.5229819112587814,1
0.3797502249208265,0.4686011672124623,0.520704355968636,1
0.3692122325093506,0.4379502883443489,0.5399795102956914,1
