ms_accelerometer_x,ms_accelerometer_y,ms_accelerometer_z,outcome
0.6063648645718427,0.4830717985944402,0.4956206666147422,1
0.7676669073593168,0.5196757807628098,0.4346310751290828,1
0.3572398482621059,0.6153223776877687,0.5152168204657123,1
0.4631170266381713,0.5652399550025208,0.5566561173218706,1
0.4661388088007528,0.5207137577709396,0.4777823573415451,1
0.4723927624626757,0.5441598443139839,0.4377646299844652,1
0.3833266399698786,0.5598974196825232,0.5326271337128826,1
0.3836708937033826,0.5445109260138794,0.5322908498688073,1
0.388739074669829,0.5388783694808631,0.5366319611838875,1
0.3851244092929841,0.5321925709743051,0.5293865848597827,1
0.3904029686290283,0.54162595696609,0.5347059753101755,1
0.4037332415496764,0.5179814340006669,0.516057529449802,1
0.3963891598126082,0.535627056268682,0.5338346964335667,1
0.3963891598126082,0.535627056268682,0.5338346964335667,1
0.403809742205262,0.5447246292773571,0.5264823167202649,1
0.403809742205262,0.5447246292773571,0.5264823167202649,1
0.3911297272071978,0.5441751124055407,0.5362803942718485,1
0.392066861804859,0.5468616394038907,0.5320462807110778,1
0.3901160903872135,0.5433050431394237,0.5342779786580503,1
0.3888729508171038,0.5386494043781184,0.5364332499954295,1
0.3853539120431096,0.5327726177769454,0.5313737123968284,1
0.3873429353552853,0.5407558883252019,0.5200012171357691,1
0.3762503108407076,0.5112651068137428,0.4906222719316721,1
0.3862145467685539,0.4936805422815971,0.4633527413478802,1
0.832118882031314,0.3357705363146618,0.6867061100466043,1
0.5981410519300764,0.50030528292724,0.481450903472869,1
0.6315910450552326,0.5298113301543858,0.4957429518197056,1
0.3185112895339558,0.6314720921169356,0.5358065377721557,1
0.4201617996385976,0.568613377934334,0.549074450892704,1
0.4518522784686533,0.5238887486569769,0.441815312920347,1
0.3470843611653168,0.553303208467521,0.4961709484718309,1
