ms_accelerometer_x,ms_accelerometer_y,ms_accelerometer_z,outcome
0.4068427663695952,0.4501923260596112,0.4654621572203825,1
0.4623148185182321,0.6062400827743141,0.5414775051521658,1
0.5646338980959589,0.6796770209670037,0.7188670256632826,1
0.6290888435668793,0.3654444911587746,0.4201403099589004,1
0.637982266073745,0.5539443120056643,0.4598064791693223,1
0.6707644695919467,0.6355934764709206,0.4469665645791953,1
0.6125725031887033,0.5916625941335366,0.4696198404149682,1
0.5365221048581392,0.6050647148251869,0.5397043712454429,1
0.4680588595270158,0.496534981210994,0.481833045286216,1
0.4296936712631445,0.5564018807787882,0.4876110054117463,1
0.4466215920511802,0.5225607479349125,0.509973855998814,1
0.4029597227191906,0.4962449578096738,0.5001757790733289,1
0.4490552048270761,0.5025338823460622,0.4832393216997526,1
0.435026145055111,0.5146537997127998,0.5105852807714337,1
0.4397323246050437,0.5430760755357631,0.5113342756952763,1
0.4375134403202578,0.5349859527305387,0.4968129446396063,1
0.4403765159419482,0.530528754142986,0.4974090834642088,1
0.4702240547260295,0.5337495380495721,0.4840953162562005,1
0.4791532648261156,0.526239465798362,0.4693447013647198,1
0.5100028877370826,0.5207748157569007,0.4435731600025144,1
0.4991947809849061,0.501434846976834,0.4590421949165298,1
0.4922160353938835,0.4785230139657896,0.4661041525116197,1
0.4645694874644512,0.4701886623428665,0.4437260119695034,1
0.4011881954432829,0.4635181288017204,0.4562449270357159,1
0.3880538467572868,0.4741421364539228,0.4552819347249586,1
0.3242788897447997,0.5114940731669456,0.429403395608444,1
0.0523763853894649,0.5992489912118066,0.7612998909837037,1
0.4529203535814503,1.0,0.9155011631660656,1
0.5778398256331299,0.6590701054493682,0.5617920827822622,1
0.424182255107395,0.241818284901388,0.3477323708777978,1
0.292606133133145,0.6432409334108383,0.531694710042447,1
