ms_accelerometer_x,ms_accelerometer_y,ms_accelerometer_z,outcome
0.4254212330273766,0.4953443596130993,0.6838629898314067,1
0.4422896730193901,0.4933141971168391,0.7122942232883153,1
0.3808594870902716,0.5075863918263467,0.6820439854334392,1
0.4272572534616437,0.5334747780505915,0.5500221576311032,1
0.3907854734736938,0.4970692341802876,0.5229819112587814,1
0.3797502249208265,0.4686011672124623,0.520704355968636,1
0.3692122325093506,0.4379502883443489,0.5399795102956914,1
0.3125442211641662,0.4276926317340568,0.5139328298832376,1
0.3611222675002378,0.446116735351404,0.5317405667595213,1
0.3913209780627931,0.46634203923832,0.5042876088691632,1
0.3777612029403777,0.4751648484966407,0.5165619545898166,1
0.3714690075677179,0.4697765251579259,0.5119151286970812,1
0.3480979948518262,0.4287458737075986,0.5024074784603283,1
0.4288255255182047,0.5180577557015817,0.5155989610268619,1
0.4241207234491587,0.5129899828814808,0.5132144054780126,1
0.4322106865781865,0.5332458129478468,0.5189923668557401,1
0.4339893330875018,0.5339327101317679,0.5190535091451725,1
0.4268938745642434,0.5208358743680905,0.5143302560167454,1
0.4268938745642434,0.5208358743680905,0.5143302560167454,1
0.4029491074798177,0.5273384995419949,0.5091025764961066,1
0.3946870163089848,0.5291396954349608,0.5209489270046614,1
0.420391305522198,0.5326962954508014,0.5206126419083889,1
0.4411804072464489,0.5555165440463434,0.5591170982281158,1
0.4544150535642463,0.4990078106354499,0.602711670804344,1
0.3985885591442756,0.4780345538294762,0.5815410904785172,1
0.3788513398675894,0.452100370458171,0.6512893374649166,1
0.3387075182277367,0.5157986277274395,0.7502789519910062,1
0.325740618720908,0.4610605644051993,0.6651381010828752,1
0.3047220150299002,0.5308035122662796,0.6322281773942826,1
0.391588732707449,0.4486353577338861,0.5402699386748898,1
0.4099106875056952,0.4247008048022387,0.499029358266418,1
