ms_accelerometer_x,ms_accelerometer_y,ms_accelerometer_z,outcome
0.4206781829806441,0.506640000734269,0.5115788461052031,1
0.433396448306501,0.5166381683131904,0.5169593807233243,1
0.4380438733171204,0.5112803717791549,0.5187172253010971,1
0.4337024556290558,0.5148369717949957,0.5170358085851147,1
0.4409700312269572,0.5371229641075304,0.5128322655429615,1
0.4443743237177852,0.5192331148975033,0.5063511662089051,1
0.442825181525333,0.52372084341588,0.5059690260234145,1
0.4096238084805116,0.5116619821594164,0.5004050633474089,1
0.3984929356748998,0.555012818319389,0.4927622576966933,1
0.3850096583096056,0.7682867283070742,0.4555723656085516,1
0.4085527946021007,0.6021034303287721,0.4702924081031189,1
0.348882131271791,0.5224538969284026,0.478485496174412,1
0.3170960274056219,0.5433355680684159,0.5360663937544405,1
0.25289269083144,0.6013707369981571,0.4787606377290551,1
0.2421443158201752,0.6014470586990721,0.4401491792723281,1
0.2977030618624397,0.5444956641746124,0.4493205452267366,1
0.3011647251447447,0.5247435542081399,0.4771556482487645,1
0.3181670350170831,0.5142416612774013,0.4836978901226928,1
0.3391091474529299,0.5473195708598382,0.4871677238133615,1
0.3358196082955865,0.5453199410454094,0.4879472898819203,1
0.3298334194621127,0.5332152830170229,0.4860518732746287,1
0.4154378716222865,0.5107308536568804,0.5161950996010249,1
0.4101210627418182,0.5050525047285441,0.5107687076397308,1
0.4094325552748101,0.5053883212129362,0.5093471456538361,1
0.4110773232867445,0.5068231731916021,0.5104935667111864,1
0.4180197742318819,0.5209427234989135,0.5204903585817212,1
0.4192820397492569,0.5281627764127919,0.5240977605453169,1
0.4225333254453327,0.5360239303638976,0.5227373433532491,1
0.4209076865141383,0.5350012183211798,0.5248161849505419,1
0.4230305844068514,0.5390004892041589,0.53326912900412,1
0.4160498784337088,0.5118298892762001,0.5234404796817215,1
