ms_accelerometer_x,ms_accelerometer_y,ms_accelerometer_z,outcome
0.4525624703197775,0.5470906051318645,0.5045321784651617,1
0.4595770057028611,0.568613377934334,0.4882530013290822,1
0.4671283564501454,0.5776804235131011,0.4768346506031459,1
0.4650168415415422,0.5983789225709186,0.4618547521262936,1
0.4749481240413651,0.60216449019042,0.4640711663792039,1
0.4886908764710453,0.5661710772527669,0.4486938392644493,1
0.4982284932466025,0.5292312814760586,0.4461258580995001,1
0.4925202376321989,0.5054951724695377,0.4373060565527359,1
0.4891561291089006,0.4849951104593279,0.4164564832640075,1
0.4676651835414949,0.5104103018878089,0.4107396579147259,1
0.4427743381928365,0.4664183609392349,0.3892022401308696,1
0.3823992765639213,0.4251129494899269,0.3735803463627801,1
0.8068499096690714,0.5991574014193348,0.5279344492247772,1
0.839417374434908,0.0356880698633856,1.0,1
0.7615954656862125,0.4428043622775751,0.6432491038650072,1
0.1486472319813477,0.6587800742326859,0.3329511835894035,1
0.5140469729916655,0.434393692079882,0.6088259060085686,1
0.5140469729916655,0.434393692079882,0.6088259060085686,1
0.350243379014902,0.5889607984184008,0.5290197298709911,1
0.4970474740854017,0.4653651189656932,0.5554944069355702,1
0.5005189519848826,0.4770118399110714,0.5211782112161316,1
0.4807279592398905,0.5206374360700248,0.5175708048698454,1
0.4788311684247165,0.5096776116833387,0.5323367053336843,1
0.4776322558333787,0.5011753525059716,0.516057529449802,1
0.4673251915111187,0.4949169572126552,0.5294630108432772,1
0.4462637087895075,0.5284070052304906,0.5029577604426367,1
0.4462637087895075,0.5284070052304906,0.5029577604426367,1
0.4412354372358564,0.5360086660237146,0.507711585654928,1
0.4441879814741247,0.5507693242457719,0.502040623784586,1
0.4441879814741247,0.5507693242457719,0.502040623784586,1
0.4456731999418539,0.5554707497753365,0.4946882448226025,1
