ms_accelerometer_x,ms_accelerometer_y,ms_accelerometer_z,outcome
0.1064891851874877,0.5628587079303118,0.5647116339897436,1
0.1557365840586597,0.5191567906956726,0.565246629022277,1
0.4188230326822683,0.5008853292922201,0.5159811022141102,1
0.4183831554793885,0.5012822033249126,0.5172650927965848,1
0.4236043424572184,0.5022743879377225,0.5173109495136591,1
0.4207164309583307,0.4963212798857261,0.5218049196828134,1
0.4173503934955078,0.4948711638794917,0.5191452232054198,1
0.4203148017331375,0.4959549348460139,0.5114565602741411,1
0.4282708902816279,0.4774697713670188,0.5013069144331015,1
0.4533249176554138,0.4879258712772085,0.4938628214108707,1
0.4533249176554138,0.4879258712772085,0.4938628214108707,1
0.4123013369095892,0.4943063813545115,0.4923954027079017,1
0.4151509918137342,0.5122572926770107,0.5243117598105275,1
0.463078774743641,0.4964433949823273,0.5948395697349925,1
0.463078774743641,0.4964433949823273,0.5948395697349925,1
0.4432459312142103,0.6606423187331781,0.7853594219456592,1
0.4820892456259512,0.5151422604743422,0.6343223083205254,1
0.4935643752985419,0.4955275320704325,0.5936167239463449,1
0.4602099923254934,0.4007967880537049,0.6143287245794558,1
0.3399506546643717,0.5196910463534509,0.553583709138611,1
0.2929791330627599,0.5090365081451954,0.6049739342611448,1
0.3486717513354557,0.5006410992240633,0.5629843593044895,1
0.2959817931949198,0.5400384630861437,0.5070848755603895,1
0.2895748476222504,0.5491207705041778,0.5035080426127748,1
0.3197161772095354,0.5397026463516601,0.5088732922846365,1
0.3311339337405431,0.5603553511384707,0.5126488380485658,1
0.3266395076909887,0.541595427035266,0.5172650927965848,1
0.4463442171658522,0.503342894376493,0.5071154467677157,1
0.4463442171658522,0.503342894376493,0.5071154467677157,1
0.44529233315155,0.5009158580976317,0.5126182669038496,1
0.44529233315155,0.5009158580976317,0.5126182669038496,1
