ms_accelerometer_x,ms_accelerometer_y,ms_accelerometer_z,outcome
0.4598812006117085,0.4902460559868538,0.5128169805967021,1
0.4467468526586592,0.4843845343510927,0.5144372543971534,1
0.4489299456854907,0.4835907874111196,0.5138105446782741,1
0.4598633093804121,0.4843387413305438,0.5077268712272861,1
0.453886641319754,0.4751953784274645,0.4866785842457051,1
0.453886641319754,0.4751953784274645,0.4866785842457051,1
0.4316799284960559,0.490032355849521,0.4979440798741592,1
0.4316799284960559,0.490032355849521,0.4979440798741592,1
0.4244685624496799,0.5144858913455581,0.4939392496483204,1
0.433021993659116,0.5376877459447587,0.5063817374162312,1
0.4661083862225909,0.5079680012062417,0.547255465277696,1
0.6575406361645434,0.7843753828745933,0.8584705261557718,1
0.4152530447141302,0.6523690263466738,0.4456978570646843,1
0.6492556108048407,0.5805501307216235,0.6625701136569395,1
0.2892420172803787,0.5230797386272787,0.6783295800806466,1
0.3355164520133026,0.4776224153940777,0.6028950989248384,1
0.440054420273496,0.5026102041720228,0.5383898082660549,1
0.3858886478935391,0.4861704665291046,0.500512062604355,1
0.4299262953832319,0.5217212067239324,0.4966295172704303,1
0.4443311333129002,0.5558981556770628,0.4954830958374207,1
0.4339882813974196,0.5521736447930643,0.5412482209406958,1
0.4186171557294476,0.5886249816839172,0.5454364734017016,1
0.3988440549486988,0.501633283899396,0.580058394968571,1
0.4915181601018344,0.5248351402492377,0.5076351575426982,1
0.4936654670013389,0.5257510031611327,0.5098974281370234,1
0.4967611630783826,0.5253846577462831,0.5057550273843027,1
0.4908918643939071,0.4965807743565887,0.47318139004418,1
0.4985684779475109,0.4229301438419285,0.4146069252520861,1
0.4477310360259402,0.4852546042424386,0.483957745478879,1
0.4614916804198636,0.4819574986349376,0.470796833869232,1
0.4680946434555023,0.4941995313483681,0.5049296043482301,1
