ms_accelerometer_x,ms_accelerometer_y,ms_accelerometer_z,outcome
0.3778759541587667,0.4698833749139779,0.5132144054780126,1
0.3790425918982378,0.4732110098270739,0.5378548132335215,1
0.400042077867352,0.5285596486323203,0.5138716882199039,1
0.4041731242361372,0.5329252611787753,0.5171275220192634,1
0.4041731242361372,0.5329252611787753,0.5171275220192634,1
0.3954328992676819,0.5085022543631041,0.5179835165757113,1
0.3954328992676819,0.5085022543631041,0.5179835165757113,1
0.3944766379393868,0.508593841029431,0.5170205230127567,1
0.3944766379393868,0.508593841029431,0.5170205230127567,1
0.3930804978414745,0.5078458858595489,0.5183197997936879,1
0.3585786144350665,0.4637165658493281,0.4661652935488548,1
0.4291888997153927,0.5043045501838911,0.5659650521753047,1
0.3756000537014924,0.4618237814143484,0.5253053263964943,1
0.3814332432605536,0.4665862693064767,0.5096834294979115,1
0.3829441359085818,0.4534894316671123,0.5171886649347944,1
0.380209229637709,0.421693728535733,0.5537977040211312,1
0.3841490235841614,0.4357216971785492,0.5628620715951316,1
0.3959684054235186,0.4653345902853272,0.5665306196047515,1
0.3932717502638073,0.4760349171375287,0.5661637633637625,1
0.3884713215919106,0.4836671097372635,0.5593158137992643,1
0.3950121448785923,0.4986872586788096,0.5615933659589164,1
0.3971924190463633,0.4964739234751247,0.5691597455635277,1
0.4106565704643923,0.4897423315103573,0.5605845169310849,1
0.4109051960283081,0.4781414023350702,0.5495177331171873,1
0.4088014232994915,0.4675479252389206,0.544565194525093,1
0.410312317514257,0.4684943180816394,0.5412023623453255,1
0.4081129158324835,0.4691659471740038,0.555402692875323,1
0.4366668560329983,0.5215075059613707,0.5128016943982453,1
0.4112877032230798,0.5046708955987407,0.506397023051199,1
0.4093560546192246,0.5304219037617051,0.521896633116962,1
0.4093560546192246,0.5304219037617051,0.521896633116962,1
