ms_accelerometer_x,ms_accelerometer_y,ms_accelerometer_z,outcome
0.2834621967407894,0.5382525296576739,0.4443221492914692,1
0.2676616008975549,0.6523079727373157,0.358126591386235,1
0.3063488855628252,0.6213976088392972,0.4095321014550282,1
0.3586894518423574,0.575253384670801,0.4657372962706309,1
0.3586894518423574,0.575253384670801,0.4657372962706309,1
0.4713156030718122,0.5628434460910448,0.5007260611182472,1
0.4970116842933407,0.5794816206565249,0.4799070581603068,1
0.5399935754281522,0.5647209649353834,0.4923495459908274,1
0.5476165079583986,0.5598058336414253,0.49893764458183,1
0.5363610617880672,0.5388325777107721,0.4762690806693044,1
0.4927886500784535,0.5048082752856164,0.4742819525061602,1
0.4639431866258963,0.505250941776152,0.477874070149595,1
0.440179677216241,0.5108682333437564,0.4624050333572836,1
0.4231443907167567,0.5133563282963303,0.4303511086078296,1
0.3800909243955045,0.4856972719834321,0.3351523147743503,1
0.336393268936188,0.5013432606856446,0.3278763660533321,1
0.3041121078479024,0.489986562203743,0.3464942420211866,1
0.3634850985429743,0.5531658269049582,0.421332589611621,1
1.0,1.0,0.7692789547458402,1
1.0,1.0,0.5070848755603895,1
0.7179336051495845,0.1630846006578759,0.6931566290949043,1
0.0952866969401545,0.6579252799356445,0.4144387864605416,1
0.0952866969401545,0.6579252799356445,0.4144387864605416,1
0.4052501814574707,0.5240108640036698,0.4650341580638625,1
0.3282692939760253,0.4233270079334804,0.4574524960173865,1
0.3791604227845278,0.5030986645584279,0.4229528702991574,1
0.3770668027719549,0.5168518703262102,0.4375964849319343,1
0.5570109655657124,0.4092532600251526,0.5785298252107887,1
0.5785019111331181,0.5384204392753736,0.6056159295523821,1
0.4742144626219892,0.5526315749985539,0.5500833024249301,1
0.4525624703197775,0.5470906051318645,0.5045321784651617,1
