ms_accelerometer_x,ms_accelerometer_y,ms_accelerometer_z,outcome
0.4825352697113378,0.5310630072998483,0.5077727279443603,1
0.4814258345319395,0.509433381615182,0.510631137488508,1
0.4729797624374309,0.511921475317298,0.5165925257345326,1
0.4735702720180314,0.5317346407688155,0.5055104576004745,1
0.450701474427292,0.5327268228807095,0.4954830958374207,1
0.4305525932899995,0.5303913738308812,0.5097904285044181,1
0.4049817682782693,0.5283917427659944,0.5196955044364098,1
0.3992377272694856,0.5044724585511329,0.5045627498603173,1
0.3945494455473706,0.4912229775099386,0.4973632266219148,1
0.3840455410335096,0.4736536750671514,0.4862964436845555,1
0.381218258868614,0.409955417172654,0.4692835565708927,1
0.3382005838053162,0.4064751363568122,0.4871065802717318,1
0.2200451185922941,1.0,0.5180293732927855,1
0.2993164662779131,0.9773934834284684,0.6984301578194337,1
0.3150275839762614,0.2851538554707197,0.5442900554748445,1
0.229690097414566,0.4609689777388724,0.5865394864137846,1
0.3799119798328809,0.4684790518657695,0.5055868860883637,1
0.4004366383949297,0.490001827169155,0.4881154305517607,1
0.3898969484866887,0.5251709569837214,0.471606971082507,1
0.4226433526845213,0.5458541904508979,0.5069167342644505,1
0.3930821197768314,0.5696513580686087,0.5105547096267175,1
0.4066459295495497,0.5860911037144578,0.5278580213629867,1
0.3932968504667819,0.5075863918263467,0.5249231839570486,1
0.3881970007949027,0.5197521024637248,0.535057544726609,1
0.4593980567425568,0.5269568891617332,0.5160728162743575,1
0.4569644461655012,0.5159360074143152,0.5149416801632666,1
0.4569644461655012,0.5159360074143152,0.5149416801632666,1
0.4538687471566703,0.5176303535512293,0.5164396706370504,1
0.4538687471566703,0.5176303535512293,0.5164396706370504,1
0.4532603456118266,0.5172182151158309,0.5154308203570215,1
0.4532603456118266,0.5172182151158309,0.5154308203570215,1
