ms_accelerometer_x,ms_accelerometer_y,ms_accelerometer_z,outcome
0.3790808423043675,0.5531200351348673,0.5295394387050677,1
0.3956432776372798,0.5536848169720956,0.5307928587689248,1
0.4496720027341449,0.5292465458162416,0.5305024322680224,1
0.5033947283421424,0.5440835257392138,0.5394292296907999,1
0.5000095649320544,0.4935736911500414,0.5265281734373392,1
0.4681278368131408,0.4948558992266943,0.506259452524317,1
0.5673494362189336,0.5813744075924207,0.3646076890924349,1
0.6651366483324963,0.4635486568568573,0.6157808664754478,1
0.6536423966294841,0.5019080427104416,0.6772137470726758,1
0.395987530587415,0.5853126186137518,0.5711774423669934,1
0.4205443052666318,0.516226029877792,0.5101114267761354,1
0.3694034843049884,0.5330626396151931,0.540025368264963,1
0.421328437769753,0.5590578822229171,0.546032613228062,1
0.4066211483483517,0.5287122945350661,0.5304565749248493,1
0.4295905297239547,0.533871654646723,0.5545008478627872,1
0.4363799785745523,0.5260868192703874,0.5541798470866753,1
0.4027196055130608,0.5529826554479914,0.549395447912224,1
0.4508003944543511,0.5266821304132105,0.5760688505655299,1
0.3965612870710446,0.5253846577462831,0.5410953620866215,1
0.4505517610567482,0.5360849877246295,0.5777961127288109,1
0.4004628306897042,0.5505250910514704,0.5166078113068907,1
0.4389045096093021,0.5432897750478669,0.5411870730163756,1
0.4389045096093021,0.5432897750478669,0.5411870730163756,1
0.4579340946883465,0.5892355552912365,0.546934468258176,1
0.4579340946883465,0.5892355552912365,0.546934468258176,1
0.4456939631601119,0.5546770015849054,0.5231959117761893,1
0.4456939631601119,0.5546770015849054,0.5231959117761893,1
0.4500736319593381,0.5065484144430794,0.4923189748461112,1
0.4500736319593381,0.5065484144430794,0.4923189748461112,1
0.4500736319593381,0.5065484144430794,0.4923189748461112,1
0.4500736319593381,0.5065484144430794,0.4923189748461112,1
