ms_accelerometer_x,ms_accelerometer_y,ms_accelerometer_z,outcome
0.3756000537014924,0.4618237814143484,0.5253053263964943,1
0.3814332432605536,0.4665862693064767,0.5096834294979115,1
0.3829441359085818,0.4534894316671123,0.5171886649347944,1
0.380209229637709,0.421693728535733,0.5537977040211312,1
0.3841490235841614,0.4357216971785492,0.5628620715951316,1
0.3959684054235186,0.4653345902853272,0.5665306196047515,1
0.3932717502638073,0.4760349171375287,0.5661637633637625,1
0.3884713215919106,0.4836671097372635,0.5593158137992643,1
0.3950121448785923,0.4986872586788096,0.5615933659589164,1
0.3971924190463633,0.4964739234751247,0.5691597455635277,1
0.4106565704643923,0.4897423315103573,0.5605845169310849,1
0.4109051960283081,0.4781414023350702,0.5495177331171873,1
0.4088014232994915,0.4675479252389206,0.544565194525093,1
0.410312317514257,0.4684943180816394,0.5412023623453255,1
0.4081129158324835,0.4691659471740038,0.555402692875323,1
0.4366668560329983,0.5215075059613707,0.5128016943982453,1
0.4112877032230798,0.5046708955987407,0.506397023051199,1
0.4093560546192246,0.5304219037617051,0.521896633116962,1
0.4093560546192246,0.5304219037617051,0.521896633116962,1
0.4028152313325429,0.5362223655358184,0.5169746662956823,1
0.3984546829970008,0.5271247975289751,0.5192980789290006,1
0.3941132598253552,0.528101717801602,0.5120221283296865,1
0.3956241516900146,0.5290175800882678,0.5052506022442881,1
0.3884139461002213,0.5196605157973979,0.5055104576004745,1
0.3812228664576932,0.5148064431146296,0.4901942746534481,1
0.3191233002622217,0.4714861350097939,0.5166842391686812,1
0.3907280979820046,0.513631087044853,0.5595603798265006,1
0.5458335719996696,0.5084717256827381,0.7598171641688253,1
0.8232830312433768,0.0,0.8421454797806451,1
0.6639317645737605,0.5133257983655064,0.6080769167196138,1
0.4173121416009776,0.5572872112589433,0.6067470706722621,1
