ms_accelerometer_x,ms_accelerometer_y,ms_accelerometer_z,outcome
0.3470269856736276,0.5383746450043667,0.5306094319006276,1
0.3681029703399056,0.4885822397807637,0.5041347525194836,1
0.3590949946436381,0.4811790154099185,0.4372754904168089,1
0.3666494539669354,0.5131884193038595,0.4592409117398756,1
0.3792529690927826,0.5078764151651438,0.4706745474120713,1
0.3940367591697696,0.5079680012062417,0.4726922479721291,1
0.3684280989095131,0.5167297549795175,0.4921508329240735,1
0.4160498784337088,0.5112803717791549,0.5190535091451725,1
0.4801767214026236,0.530528754142986,0.5257333217964223,1
0.5237439606972007,0.5146385359978458,0.5303495777966387,1
0.7532273851164707,0.8209335839017644,0.6993014429570289,1
0.6207087844962682,0.4970387057500133,0.7469925476730294,1
0.6431426550158222,0.3964159149184409,0.6027422306792845,1
0.3200413104793552,0.5210648407212931,0.4887421415228372,1
0.4040774952831803,0.5468921668337987,0.5719111548489713,1
0.4474726081026898,0.5096623473431557,0.5416303571191549,1
0.4618356390903749,0.4885669754405807,0.5144219700769926,1
0.4592919860252035,0.5215227721772405,0.5238684769599454,1
0.4261862442834451,0.5198742190608756,0.5301202942112673,1
0.4252108601413599,0.5214922416211877,0.5244646155341085,1
0.4298391552878705,0.5169434563673081,0.5280873049483582,1
0.4544150535642463,0.516164973142289,0.5361733940131446,1
0.3755235527325594,0.5367413556029558,0.5114259891294249,1
0.3644309294713715,0.5520057395519674,0.5264823167202649,1
0.3454395931533825,0.5419007163398416,0.5068403057765614,1
0.3240767247617087,0.5393057716312156,0.4999923517667627,1
0.3151835000488196,0.5378251275073214,0.4624050333572836,1
0.3008969697167201,0.5402979581197124,0.4434508704148605,1
0.322757085319382,0.5734216575965534,0.4339279413050049,1
0.4173695186594042,0.5850989090979845,0.4577123457386849,1
0.4655459318534392,0.5658657904491072,0.4596536228196428,1
