ms_accelerometer_x,ms_accelerometer_y,ms_accelerometer_z,outcome
0.3708187503501658,0.5079222081856928,0.5497928740457317,1
0.3708187503501658,0.5079222081856928,0.5497928740457317,1
0.3703597451632622,0.5001831678931616,0.546307754782705,1
0.4474343530746847,0.4989009600040775,0.5079867265834723,1
0.4605733735729999,0.4749816751639869,0.3994283155867759,1
0.2127297369773724,0.6838594464257672,1.0,1
0.5553196814935596,0.5366650339020408,0.5587349570408675,1
0.3452674658949461,0.5869916897815902,0.5220647744129011,1
0.2474993773785425,0.5536084990225546,0.5109368508139659,1
0.2474993773785425,0.5536084990225546,0.5109368508139659,1
0.2940118950466405,0.5658657904491072,0.5257944640858546,1
0.3122764735698288,0.5129289242702908,0.5633512155454785,1
0.3453248413866354,0.5561271214050365,0.5316488533253727,1
0.3458985978702649,0.5526468430901107,0.5091790043578971,1
0.344272955022227,0.5451367677127557,0.5254428959216185,1
0.344272955022227,0.5451367677127557,0.5254428959216185,1
0.3332185828722008,0.5481133221764141,0.5281331622915311,1
0.4248666048411184,0.5238429556364279,0.5511685793145522,1
0.4208694346196081,0.5215990913772397,0.5435869197724708,1
0.4133340988934698,0.5155238689789168,0.5417832128427359,1
0.4082659171436547,0.5119062109771151,0.5408507910505961,1
0.417752022720701,0.5007174211750698,0.5359288242293163,1
0.3743186644302848,0.5002442253789394,0.5347671182257066,1
0.3627096600204829,0.4974508439353202,0.5391999454793299,1
0.3627096600204829,0.4974508439353202,0.5391999454793299,1
0.3627096600204829,0.4974508439353202,0.5391999454793299,1
0.3892363320646103,0.4907192524082132,0.528454161189347,1
0.4092986791275353,0.4897575971009983,0.518824225559801,1
0.4137931036103521,0.484094512512845,0.5201235042190283,1
0.4242928499242264,0.4735162947550466,0.4632610235310411,1
0.2775450850631891,0.6901483745884838,1.0,1
