ms_accelerometer_x,ms_accelerometer_y,ms_accelerometer_z,outcome
0.308451432956861,0.5267279234337595,0.5079561554387562,1
0.3845315276454581,0.5149896158220545,0.5502055857515977,1
0.3845315276454581,0.5149896158220545,0.5502055857515977,1
0.36739533723898,0.5203474129813191,0.5512297203517873,1
0.36739533723898,0.5203474129813191,0.5512297203517873,1
0.3592479951714406,0.5263615780189099,0.5455893291252827,1
0.3592479951714406,0.5263615780189099,0.5455893291252827,1
0.4490599959227225,0.5057241381975114,0.5090261480082174,1
0.4400328974126647,0.5067621152056412,0.511013277423559,1
0.442748676169535,0.5096776116833387,0.5108757072723361,1
0.4442404413035607,0.5129747179160689,0.5108909934707928,1
0.4442404413035607,0.5129747179160689,0.5108909934707928,1
0.4413525368549915,0.5131884193038595,0.5113342756952763,1
0.4413525368549915,0.5131884193038595,0.5113342756952763,1
0.4413525368549915,0.5131884193038595,0.5113342756952763,1
0.4413525368549915,0.5131884193038595,0.5113342756952763,1
0.4390001354287841,0.518790445906052,0.514804109385945,1
0.4292080264460266,0.5200115974972935,0.513565974894446,1
0.4065829003706651,0.5173250654971117,0.515232106664169,1
0.3938646311279645,0.5095707613020578,0.518396228281577,1
0.362365406286979,0.5167144900141054,0.6292169121265541,1
0.303421495267889,0.4648613938639678,0.4547163697999064,1
0.303421495267889,0.4648613938639678,0.4547163697999064,1
0.3600130048607716,0.5368329422692826,0.5392763764716136,1
0.3589993688241561,0.5114024865006187,0.5303342903459847,1
0.3668024552781065,0.4887196188424105,0.5432812039426183,1
0.3631304144095725,0.4862620531954315,0.5406367930375827,1
0.3418058026126412,0.4457198625066464,0.514926395217007,1
0.3391665229446192,0.4575192281043125,0.517509662580413,1
0.3554994552140583,0.4897270677954033,0.5354702558063763,1
0.362556657925943,0.4926120352801205,0.5385579495619939,1
