ms_accelerometer_x,ms_accelerometer_y,ms_accelerometer_z,outcome
0.2832061539441111,0.5387562560098572,0.5425627807895905,1
0.2465431113500351,0.5621870763370316,0.533314984468997,1
0.2465431113500351,0.5621870763370316,0.533314984468997,1
0.2465431113500351,0.5621870763370316,0.533314984468997,1
0.2476906211838193,0.5277964316231712,0.5383286653505239,1
0.2476906211838193,0.5277964316231712,0.5383286653505239,1
0.2495649013463038,0.5222096687359328,0.5316488533253727,1
0.2804903712703972,0.5257510031611327,0.5152779633812432,1
0.3869030542355619,0.5082122312743984,0.5305941463282696,1
0.3869030542355619,0.5082122312743984,0.5305941463282696,1
0.3778950791659893,0.5007479499179588,0.5324284193939315,1
0.3778950791659893,0.5007479499179588,0.5324284193939315,1
0.3778950791659893,0.5007479499179588,0.5324284193939315,1
0.3778950791659893,0.5007479499179588,0.5324284193939315,1
0.3829823857663534,0.4866283979850521,0.5058161702998336,1
0.4867749186142571,0.4687232819339262,0.4316809546551812,1
0.4867749186142571,0.4687232819339262,0.4316809546551812,1
0.4867749186142571,0.4687232819339262,0.4316809546551812,1
0.4867749186142571,0.4687232819339262,0.4316809546551812,1
0.4867749186142571,0.4687232819339262,0.4316809546551812,1
0.4915944693165754,0.6236414743489435,0.5311291444912961,1
0.3484805012632291,0.6110025706664423,0.7836015873854647,1
0.3484805012632291,0.6110025706664423,0.7836015873854647,1
0.2986210720795733,0.546617409960963,0.6283303439209954,1
0.3469313598541456,0.5286512352986473,0.5588419560473742,1
0.3236942261839929,0.5375656324737527,0.5360358238619217,1
0.3227953411307558,0.5354591485266692,0.534736547707089,1
0.3227953411307558,0.5354591485266692,0.534736547707089,1
0.3202708140128495,0.5341616758597417,0.5336054128481954,1
0.3258745011351326,0.5341922032896498,0.5350269735818928,1
0.3185877933230163,0.536451333139479,0.5330857008836256,1
