ms_accelerometer_x,ms_accelerometer_y,ms_accelerometer_z,outcome
0.3584064871766302,0.5002594897816454,0.5113189901229183,1
0.3589419933324668,0.5032665725505323,0.5161033861668763,1
0.345171837725358,0.4961533715184843,0.522110631756074,1
0.4274676318312416,0.5063957704160206,0.5053576012507948,1
0.4160307540531811,0.5074184840843339,0.5086592940211837,1
0.4018398456237201,0.5081511739136665,0.514590110746833,1
0.413907856160468,0.51711136473455,0.5154155335324662,1
0.4183257792043305,0.5335358379122395,0.5210100674157978,1
0.4186891581017309,0.5097081403637047,0.5265587445820554,1
0.4154569991362891,0.5212174828726651,0.5249690413002216,1
0.4154569991362891,0.5212174828726651,0.5249690413002216,1
0.4394782645261942,0.5357949652611528,0.5724920053463816,1
0.4893759534380675,0.5535169117309987,0.5734550014137307,1
0.4190525362157626,0.4960617852272948,0.6285596275063668,1
0.4946545112073743,0.4014836833619392,0.6411244005418508,1
0.5615162455631563,0.527231647910256,0.6746457659077266,1
0.3951268966453395,0.5760776615415981,0.7620641696016084,1
0.3312869366184517,0.4760501839786276,0.5418290701859088,1
0.3340983419781728,0.5485559855408046,0.4988306453248838,1
0.3546770708164068,0.4589846085132527,0.5286834447747185,1
0.3639145484794313,0.4835907874111196,0.5091484332131808,1
0.3169430245277133,0.4720967079918843,0.5179988021480694,1
0.3588463659462474,0.5088685997779537,0.5357759685057355,1
0.3588463659462474,0.5088685997779537,0.5357759685057355,1
0.3512536578618948,0.4922304264629313,0.5332844120720834,1
0.3512536578618948,0.4922304264629313,0.5332844120720834,1
0.3540268121104543,0.4687690749544752,0.5183503709384042,1
0.3540268121104543,0.4687690749544752,0.5183503709384042,1
0.4287490193790381,0.5132342123244085,0.5040888956145797,1
0.4240442165266234,0.5155543976592827,0.51506396536823,1
0.4154187472417587,0.5133563282963303,0.5141926858655226,1
