ms_accelerometer_x,ms_accelerometer_y,ms_accelerometer_z,outcome
0.4375657434363416,0.692178543086942,0.5647422001256706,1
0.3188555409173537,0.8185523368295553,0.923312075614685,1
0.4758352997977155,0.5713151736494698,0.5481267460326007,1
0.3255684938125779,0.5974783239992066,0.6147872917501987,1
0.3255684938125779,0.5974783239992066,0.6147872917501987,1
0.2230190970879615,0.4998473515338155,0.4865410140944823,1
0.2904737318921188,0.5063499770828572,0.522722055902595,1
0.2904737318921188,0.5063499770828572,0.522722055902595,1
0.2904737318921188,0.5063499770828572,0.522722055902595,1
0.3369671212628456,0.5552265190819508,0.5215297781281705,1
0.3278252717694094,0.536375010813335,0.5312972839089393,1
0.3218390758856172,0.5376724872316364,0.5333914123307875,1
0.3312486847239215,0.5325436520489716,0.5336359827407143,1
0.4044791252917422,0.5087159557508948,0.5287598726365089,1
0.4008070844232082,0.5112651068137428,0.5286375880576442,1
0.3966186625627337,0.5071437252732882,0.525840320802929,1
0.3979574271689569,0.5039534697344535,0.5265740307805121,1
0.392755369271867,0.5156154550200146,0.5323672777305978,1
0.4006349579481406,0.5101202787991032,0.5351034014436834,1
0.3912253522433111,0.5043808721348976,0.5290655865880655,1
0.3912253522433111,0.5043808721348976,0.5290655865880655,1
0.3846080290844125,0.5025796753666112,0.5197260768333233,1
0.3714307571615882,0.4912229775099386,0.5352256872747454,1
0.4330713228703683,0.4863689048271703,0.5169288095786081,1
0.4698299795333955,0.4861857321197455,0.4879472898819203,1
0.4104079409836329,0.6039351511507303,0.6069610586676972,1
0.4180006522014604,0.6190926834680031,0.9637883951864534,1
0.4180006522014604,0.6190926834680031,0.9637883951864534,1
0.5199571719787631,0.5485101925202557,0.4954525253188032,1
0.2832061539441111,0.5387562560098572,0.5425627807895905,1
0.2832061539441111,0.5387562560098572,0.5425627807895905,1
