ms_accelerometer_x,ms_accelerometer_y,ms_accelerometer_z,outcome
0.4188318864193981,0.5004426623015014,0.5163938139199761,1
0.4197623858315344,0.5052967347967009,0.5146359674639073,1
0.3907379785493005,0.5134326493720163,0.4673422857509214,1
0.3209863534761552,0.6090487238688989,0.4556946458047258,1
1.0,0.7772011304840115,0.4705216929406877,1
0.7196872170069515,0.5882281050877858,0.7868115638416512,1
1.0,0.6308157267395251,0.6258693692757366,1
0.4479278703539666,0.1046525451283396,0.1458094466264678,1
0.2564419371898164,0.4195719702448028,0.6697849363670902,1
0.2605755005892856,0.5405269232224571,0.5978661243316711,1
0.2287774906996197,0.5603095574926927,0.5257944640858546,1
0.3745437213794812,0.4884753887742538,0.5057550273843027,1
0.3802698660263409,0.5460831580545585,0.4447195804337661,1
0.393726311113736,0.5647820185447415,0.4524235276852056,1
0.4205676253691386,0.5781688899017043,0.483728461267409,1
0.433308301001401,0.5395500054507463,0.5148499661030194,1
0.4996242365012327,0.5233392311599315,0.5052506022442881,1
0.4990695203774271,0.5382677977492307,0.5388483754367978,1
0.4268484920033782,0.5045182515716818,0.5433882042013223,1
0.4268484920033782,0.5045182515716818,0.5433882042013223,1
0.4802805978333315,0.5104560949083579,0.5263753170876596,1
0.48088900744059,0.5070368739541639,0.5154766770740957,1
0.4682556894573614,0.4958480841521186,0.5202457869195972,1
0.4381934207162765,0.4800494517354618,0.5262683193333502,1
0.4269737511449636,0.499557328320064,0.5219424898340363,1
0.4011703020131461,0.5014195826991741,0.5155989610268619,1
0.3839739673129623,0.4977561315517775,0.498433219191376,1
0.3440161941369665,0.4567407448792934,0.3466470852227947,1
0.0,0.4817590622125587,0.272756450631746,1
1.0,1.0,0.5686247505309943,1
0.9141614929967924,0.7429020693103332,1.0,1
