ms_accelerometer_x,ms_accelerometer_y,ms_accelerometer_z,outcome
0.4029299830992899,0.5040450557755515,0.5125571246144172,1
0.3919138604936878,0.5014959044626118,0.5139328298832376,1
0.3772639471123337,0.5001679034904558,0.5158893887799617,1
0.3740509113523664,0.5006716280294751,0.5187019403548376,1
0.3762120604345779,0.5037397683466628,0.5142691131012144,1
0.3747776694605146,0.4987483162271103,0.4911266970716865,1
0.5734121460755797,0.8651697405382286,0.2054233416086878,1
0.5322737963288962,0.6280681392542985,0.1199461943345084,1
0.4254021078634803,0.5409695915886796,0.2527781436976534,1
0.4573412099073457,0.6123305695128198,0.4057412619794585,1
0.3006483441528043,0.6563683159865222,0.4015071571840687,1
0.2618815413638111,0.5790847503126832,0.5768484122513982,1
0.3445024577723526,0.4765997021009019,0.488925569017233,1
0.4987664214451011,0.5423891802275288,0.4067806921695845,1
0.4423661768084506,0.5768866828254178,0.4678925676080102,1
0.3472756135876495,0.5174624451839875,0.5190993664883454,1
0.3330464532636583,0.505281470456518,0.5136424040084339,1
0.3338497117140446,0.521232746587619,0.4730132449916491,1
0.4330904433340524,0.5129136605553369,0.5110744209651886,1
0.4273337588174417,0.5114482801463966,0.5110285642481144,1
0.42410159358505,0.5100134290430514,0.5080020121558305,1
0.4214049376419699,0.510303451506528,0.5084300098097136,1
0.4150936178887825,0.5087617487714438,0.5112272760626709,1
0.4137739784464558,0.5072047823214058,0.5102795680720745,1
0.4186700329378345,0.5023354452984544,0.5105241391080999,1
0.4062577694509513,0.5009158580976317,0.507344730916576,1
0.3975940482715565,0.5041976998026102,0.5089038634293527,1
0.3816627460106792,0.5083496109612743,0.5142385425825968,1
0.3684280989095131,0.4964128661769156,0.5068555913489196,1
0.3560540865337915,0.49728293581817,0.5028966180279846,1
0.2063610511329204,0.506563678408125,0.5224622030508034,1
