ms_accelerometer_x,ms_accelerometer_y,ms_accelerometer_z,outcome
0.911278134374182,0.5785199622231653,0.743064160585788,1
0.7879396280916274,0.5131578899982646,0.7057213958694019,1
0.6372138620416244,0.4965807743565887,0.5288363023765953,1
0.4740757753188218,0.4432928261652624,0.4863117292569135,1
0.3825616310639163,0.5954786979361517,0.5332844120720834,1
0.4621798904737727,0.4601141678111066,0.5186407974393067,1
0.4651634285755111,0.4687385462741092,0.5216979200502082,1
0.3862527986630842,0.5489681239762032,0.5028354755507226,1
0.3903838442485006,0.553303208467521,0.4836978901226928,1
0.4032359865050011,0.4111002426863778,0.4828877522833191,1
0.4606498773620604,0.5261173479507533,0.5264364600031907,1
0.3917991087269407,0.494214795063322,0.5278733088136407,1
0.4313882982636915,0.488338009712607,0.5282401638024323,1
0.4248283529465882,0.4766912887672287,0.5315418555710633,1
0.4495572509673977,0.4871321224615484,0.5245869001129733,1
0.440989161091066,0.4616558761732515,0.532122707320671,1
0.4556390671870909,0.4839113391801913,0.5185796551498743,1
0.4545871831727887,0.4777140008099466,0.5042264662040716,1
0.4210798161226808,0.483224442621499,0.5000534942440247,1
0.3986841857471264,0.4889791138759792,0.4851500232533037,1
0.3872473079690659,0.4995115351744693,0.4843398854139301,1
0.3885095719197033,0.5009005936949259,0.4810840484840774,1
0.3882800699529465,0.5057851949330143,0.4564894999500373,1
0.3982634329247742,0.5030833998431076,0.4413261733526906,1
0.4552183120146326,0.5101660718196521,0.3762247553895197,1
0.9999426260750484,0.700222857866122,0.8284954273511445,1
0.7155889466297786,0.6035382870591782,0.7572033275389991,1
0.6446918058253304,0.4995115351744693,0.5503584414751785,1
0.4272190062673258,0.4352027071114119,0.5102337113550002,1
0.4133149713794672,0.5681554477288444,0.5105394240543595,1
0.4338745821041234,0.5073116329527781,0.5298298652059702,1
