ms_accelerometer_x,ms_accelerometer_y,ms_accelerometer_z,outcome
0.4182234832620715,0.6005617344712068,0.4867397252829403,1
0.4182234832620715,0.6005617344712068,0.4867397252829403,1
0.4320020241645083,0.5983331245485378,0.5028660466954389,1
0.4663231169125413,0.4983209135765746,0.5030647597621928,1
0.4663231169125413,0.4983209135765746,0.5030647597621928,1
0.4780617186791733,0.4664488896196009,0.4930832553423119,1
0.5052609125315146,0.4886738258218616,0.3955916269073156,1
0.5192363022743244,0.550677738204674,0.3971966120049156,1
0.6813936273838187,0.3350836410064275,0.5652924844871539,1
0.7602533887960037,0.5000457884563774,0.5766038393370767,1
0.7602533887960037,0.5000457884563774,0.5766038393370767,1
0.7602533887960037,0.5000457884563774,0.5766038393370767,1
0.7602533887960037,0.5000457884563774,0.5766038393370767,1
0.5922267796609697,0.5497466059507643,0.6014735356867463,1
0.3382005838053162,0.5548907085997569,0.4930068274805214,1
0.3538222233587784,0.4860941460786476,0.485853161460072,1
0.5399398944047948,0.5352912401594274,0.5463841864010874,1
0.5367010391595076,0.5039839984148196,0.5382522356104374,1
0.5367010391595076,0.5039839984148196,0.5382522356104374,1
0.4410743905010505,0.5133105346505524,0.574203996963672,1
0.4672715104877614,0.5241024500447676,0.542792064374962,1
0.4794753604945678,0.6812492405031033,0.5666070474665419,1
0.4087932352763393,0.6735712536323615,0.5480961717573913,1
0.4087932352763393,0.6735712536323615,0.5480961717573913,1
0.4829468383940487,0.6060416350978136,0.5218660632244431,1
0.4829468383940487,0.6060416350978136,0.5218660632244431,1
0.4229296600268064,0.4604041952764151,0.3882545333924704,1
0.4229296600268064,0.4604041952764151,0.3882545333924704,1
0.4723713594266936,0.4387135116057878,0.4068418307024251,1
0.4723713594266936,0.4387135116057878,0.4068418307024251,1
0.5266981844050309,0.4724019972964599,0.2868650639710031,1
