ms_accelerometer_x,ms_accelerometer_y,ms_accelerometer_z,outcome
0.4274390008510318,0.5364360687992961,0.4992892135599944,1
0.4697945918802351,0.5219959660976842,0.4375964849319343,1
0.3889127695170886,0.5256441540303097,0.5388330923688341,1
0.387946481778785,0.5162565598086158,0.525014898017296,1
0.387946481778785,0.5162565598086158,0.525014898017296,1
0.4065922469137095,0.5234002903963505,0.5118998437508218,1
0.4065922469137095,0.5234002903963505,0.5118998437508218,1
0.4199771162283062,0.5392294543069036,0.5185032272880837,1
0.4199771162283062,0.5392294543069036,0.5185032272880837,1
0.4417543679652819,0.5244687954596172,0.5113189901229183,1
0.4417543679652819,0.5244687954596172,0.5113189901229183,1
0.455407649579544,0.5061057470147006,0.5123584121737619,1
0.455407649579544,0.5061057470147006,0.5123584121737619,1
0.4723176769374427,0.4801410377765597,0.5240977605453169,1
0.4723176769374427,0.4801410377765597,0.5240977605453169,1
0.7016319888648378,0.9715624667143724,0.6482322104713245,1
0.7420907692893034,0.8579954693907776,0.5148193949583031,1
0.2846432159019902,0.2700421211758276,0.5728894339842839,1
0.2846432159019902,0.2700421211758276,0.5728894339842839,1
0.4098132050641258,0.5364055388684721,0.6079852057898597,1
0.3924021401137596,0.5526468430901107,0.5362039664100581,1
0.3924021401137596,0.5526468430901107,0.5362039664100581,1
0.4308031130390641,0.6391958707577682,0.62799406007692,1
0.3983609110795469,0.4974966370809149,0.539383372347627,1
0.4327893688060819,0.5204847920429659,0.5224927716911251,1
0.4099921468415515,0.553349000237612,0.5193592218445316,1
0.411047905468568,0.5155696619994657,0.5366625335808008,1
0.5154785206972924,0.48490352441823,0.5027131906588086,1
0.5219025281761056,0.5171266284495039,0.5207196427931914,1
0.5205425673840683,0.5131273625683567,0.5067638776643315,1
0.4730334471255222,0.5141042815905256,0.5245410446480963,1
