ms_accelerometer_x,ms_accelerometer_y,ms_accelerometer_z,outcome
0.4392105169318569,0.5265600169422047,0.5282095907794202,1
0.4521009040325691,0.5518530898978479,0.5378853824999418,1
0.4447759521596097,0.5470448121113155,0.5312055704747907,1
0.4456365876684228,0.5395194730190064,0.5266046012991297,1
0.4381777549479762,0.5240871875802716,0.532504847255722,1
0.4421749173357994,0.5108987620241223,0.5317558523318794,1
0.4267982487447613,0.5633929598367162,0.4829030378556772,1
0.3474477392793484,0.5757723747379384,0.4482199827647565,1
0.2716353984520384,0.6948497963666744,0.4333470845466082,1
0.376039933489489,0.5961808488313632,0.5320615650312386,1
0.2558379613712738,0.3610178200011299,0.5013527712127857,1
0.2558379613712738,0.3610178200011299,0.5013527712127857,1
0.2614607783576657,0.5900445703227665,0.3995505926524569,1
0.2614607783576657,0.5900445703227665,0.3995505926524569,1
0.2974926842762106,0.4992367763634237,0.4760092271914141,1
0.3135961130121555,0.5121809697256378,0.4775377888099142,1
0.3183391599254133,0.5174319165036215,0.4752296611228553,1
0.3390900199389273,0.5230950017170037,0.4790816353746737,1
0.3390900199389273,0.5230950017170037,0.4790816353746737,1
0.323579473633877,0.5321773066341221,0.4787300659582402,1
0.4257654891109869,0.4964433949823273,0.506672164230183,1
0.4208503125891866,0.4985040861589536,0.5103407116137042,1
0.4188421601962709,0.4941995313483681,0.5155683911343429,1
0.4234513364458349,0.4968860617229544,0.5105394240543595,1
0.4206781829806441,0.506640000734269,0.5115788461052031,1
0.433396448306501,0.5166381683131904,0.5169593807233243,1
0.4380438733171204,0.5112803717791549,0.5187172253010971,1
0.4337024556290558,0.5148369717949957,0.5170358085851147,1
0.4409700312269572,0.5371229641075304,0.5128322655429615,1
0.4443743237177852,0.5192331148975033,0.5063511662089051,1
0.442825181525333,0.52372084341588,0.5059690260234145,1
