ms_accelerometer_x,ms_accelerometer_y,ms_accelerometer_z,outcome
0.3964465360876661,0.5110361417109981,0.5204445018646471,1
0.389733585542548,0.5181798704230457,0.5135965466652609,1
0.3849522828179164,0.5178898479595689,0.5182280857334407,1
0.387170808096849,0.4970387057500133,0.5051741741320582,1
0.4002333279395786,0.4704023618549703,0.4938628214108707,1
0.4131045977100817,0.4901849992513508,0.4774307891773089,1
0.4252299806050439,0.4870100083653136,0.4345087918024153,1
0.4276971353647359,0.4838960754652373,0.4106173808490448,1
0.5795130764920072,0.3684821036083939,0.6081074828555407,1
0.6963298736846143,0.4683569365190766,0.6429739648147588,1
0.7311186361162059,0.511967268963076,0.5910028810555322,1
0.3822365024943087,0.5478690871064256,0.5284083038461741,1
0.3822365024943087,0.5478690871064256,0.5284083038461741,1
0.4193394136742087,0.5462815969778533,0.4975772251984169,1
0.4034846159857606,0.5255830941686619,0.5247550451655041,1
0.4034846159857606,0.5255830941686619,0.5247550451655041,1
0.471360000478795,0.5394889430881824,0.5371669587208154,1
0.471360000478795,0.5394889430881824,0.5371669587208154,1
0.471360000478795,0.5394889430881824,0.5371669587208154,1
0.471360000478795,0.5394889430881824,0.5371669587208154,1
0.471360000478795,0.5394889430881824,0.5371669587208154,1
0.4405875302991354,0.5581572798998313,0.479784773581442,1
0.4184596553516054,0.5250946365332644,0.5200776468758554,1
0.4341997067568874,0.5255373023985709,0.5136271171838784,1
0.4337598295540075,0.518790445906052,0.5067027353748991,1
0.4303555362798109,0.5192483773619994,0.5057703135827594,1
0.4546063052032103,0.5198894815253716,0.5091637187855389,1
0.440912655735268,0.5205153225990188,0.510417138849396,1
0.4425765504778362,0.5316125247968937,0.5368459617012954,1
0.4120144586677743,0.5011906170337231,0.5278274520965665,1
0.396236158501437,0.5155391333190997,0.5341098354838152,1
