ms_accelerometer_x,ms_accelerometer_y,ms_accelerometer_z,outcome
0.4107330695532405,0.506411035068818,0.525458180867878,1
0.4098150601194757,0.5084869900229212,0.5214227791216638,1
0.4147493665053847,0.5090823011657444,0.5202763580643133,1
0.4335877038623086,0.5338105947850752,0.5266351743221418,1
0.4286725195068211,0.5296586842516401,0.5316488533253727,1
0.4158968763391689,0.528758088180844,0.5230736259451272,1
0.3964465360876661,0.5110361417109981,0.5204445018646471,1
0.389733585542548,0.5181798704230457,0.5135965466652609,1
0.3849522828179164,0.5178898479595689,0.5182280857334407,1
0.387170808096849,0.4970387057500133,0.5051741741320582,1
0.4002333279395786,0.4704023618549703,0.4938628214108707,1
0.4131045977100817,0.4901849992513508,0.4774307891773089,1
0.4252299806050439,0.4870100083653136,0.4345087918024153,1
0.4276971353647359,0.4838960754652373,0.4106173808490448,1
0.5795130764920072,0.3684821036083939,0.6081074828555407,1
0.6963298736846143,0.4683569365190766,0.6429739648147588,1
0.7311186361162059,0.511967268963076,0.5910028810555322,1
0.3822365024943087,0.5478690871064256,0.5284083038461741,1
0.3822365024943087,0.5478690871064256,0.5284083038461741,1
0.4193394136742087,0.5462815969778533,0.4975772251984169,1
0.4034846159857606,0.5255830941686619,0.5247550451655041,1
0.4034846159857606,0.5255830941686619,0.5247550451655041,1
0.471360000478795,0.5394889430881824,0.5371669587208154,1
0.471360000478795,0.5394889430881824,0.5371669587208154,1
0.471360000478795,0.5394889430881824,0.5371669587208154,1
0.471360000478795,0.5394889430881824,0.5371669587208154,1
0.471360000478795,0.5394889430881824,0.5371669587208154,1
0.4405875302991354,0.5581572798998313,0.479784773581442,1
0.4184596553516054,0.5250946365332644,0.5200776468758554,1
0.4341997067568874,0.5255373023985709,0.5136271171838784,1
0.4337598295540075,0.518790445906052,0.5067027353748991,1
