ms_accelerometer_x,ms_accelerometer_y,ms_accelerometer_z,outcome
0.3770846969350386,0.545701547049068,0.5100349982882463,1
0.3746868732182567,0.5350012183211798,0.5056785995225122,1
0.410242666150848,0.5000305241161944,0.4733953880571934,1
0.4063954111197894,0.540679566624287,0.4643463054294524,1
0.3973051532587719,0.5611338324878028,0.4989070734371137,1
0.3857991763451741,0.543946146677567,0.4997630676179025,1
0.4589328114341693,0.5141653395764864,0.5244034732446762,1
0.4674862419106586,0.5087922780770388,0.5340181245540613,1
0.4674862419106586,0.5087922780770388,0.5340181245540613,1
0.4654999832118536,0.5053119997621128,0.5314654264570756,1
0.4874919660785479,0.4969013263132291,0.5428990671380605,1
0.4858635928402561,0.4633044274139296,0.5293865848597827,1
0.4858635928402561,0.4633044274139296,0.5293865848597827,1
0.445207952434626,0.4398278071886877,0.507482301443458,1
0.4165056392083614,0.3992550921961395,0.4624203195557405,1
0.4226612475805517,0.4129319697606256,0.4595466206826429,1
0.4226612475805517,0.4129319697606256,0.4595466206826429,1
0.3830971518559704,0.4377976511948088,0.3682609559123873,1
0.3830971518559704,0.4377976511948088,0.3682609559123873,1
1.0,1.0,0.7681172600120061,1
0.4392491807358919,0.5432897750478669,0.5335442680543684,1
0.4313578328276037,0.5677127793626221,0.5237614779534389,1
0.416595110170369,0.577665161673834,0.5255957516451994,1
0.3629124787277767,0.5306356070251828,0.5337582685717763,1
0.3560590010737011,0.5393210397227725,0.5263906026600176,1
0.3740426811484054,0.5581572798998313,0.5179070887139208,1
0.3949967996244615,0.5409695915886796,0.51399397217267,1
0.3957483566728146,0.5738490641235087,0.5064275944463548,1
0.3902369405170651,0.5604164072487446,0.514697111005537,1
0.3717343289799885,0.5564629343881463,0.5109368508139659,1
0.3654892455412886,0.5688270811978117,0.5102642824997164,1
