ms_accelerometer_x,ms_accelerometer_y,ms_accelerometer_z,outcome
0.4358635975826119,0.5587983834379746,0.5760076995107165,1
0.4358635975826119,0.5587983834379746,0.5760076995107165,1
0.3871325569856874,0.4443002763687131,0.5969337069222218,1
0.3636467949314916,0.5234002903963505,0.5566561173218706,1
0.323636849908935,0.5403742823215433,0.5921798776402893,1
0.4017824701320309,0.4817285335321928,0.566591758137592,1
0.3558628325447213,0.5025033536656962,0.5384050932123143,1
0.3128502284867209,0.5262241989572631,0.5157059612855659,1
0.3151835000488196,0.5299334436253916,0.5136882607255081,1
0.3104978270605136,0.50435034320444,0.503401043167999,1
0.4265305003670553,0.4995115351744693,0.5053881726459505,1
0.4181727771097906,0.4927646796197937,0.5021629086765002,1
0.4089735497745591,0.4914672075780952,0.4998853525724264,1
0.4089735497745591,0.4914672075780952,0.4998853525724264,1
0.4070610286847064,0.4910855978230627,0.4995796403113363,1
0.4070610286847064,0.4910855978230627,0.4995796403113363,1
0.4077112858239216,0.4913603565715854,0.5064123088739966,1
0.4077112858239216,0.4913603565715854,0.5064123088739966,1
0.4058561402257581,0.4916045866397421,0.509973855998814,1
0.4058561402257581,0.4916045866397421,0.509973855998814,1
0.4045938762751206,0.4964281303295299,0.513458976514038,1
0.4045938762751206,0.4964281303295299,0.513458976514038,1
0.443456312717283,0.5009158580976317,0.5121444129085513,1
0.5137414623776834,0.5087617487714438,0.7515323764375538,1
0.5516476406250256,0.5145316843661071,0.6334816018408302,1
0.5290225184665075,0.5219196437715403,0.6100640411261662,1
0.4830263739566626,0.5201184472533453,0.5561516921818561,1
0.4356340963992238,0.5233697598402974,0.5402393706606669,1
0.4261479923889149,0.5267584521141255,0.5798443881901767,1
0.3805152330434201,0.5038924119985841,0.5665764750696285,1
0.3411937958012189,0.5148522361351786,0.5802418168280791,1
