ms_accelerometer_x,ms_accelerometer_y,ms_accelerometer_z,outcome
0.426970375219829,0.5435798018879464,0.5501138716913504,1
0.3990858149723196,0.5293381318573395,0.6024823872189725,1
0.3804961078795237,0.5172792718513337,0.6156432938198304,1
0.3826763823606422,0.5139516388139246,0.6208862501474463,1
0.3755426780531294,0.4641744985557336,0.5906513204044798,1
0.3522290435707175,0.4165038341166494,0.572721288931753,1
0.3477154931406355,0.4425448709953802,0.5670961870341982,1
0.3527071734514963,0.4464372902466206,0.549410737241174,1
0.356895594528602,0.4581450654265858,0.5175555192974873,1
0.3455352189728645,0.4330046333718566,0.50954585872059,1
0.3290875349366781,0.4440713112659684,0.5097140006426277,1
0.329297913306276,0.4578550442135671,0.5111814193455968,1
0.3277296435998212,0.4569544418904813,0.5079561554387562,1
0.3176506540251427,0.4539473631230597,0.4982650777076075,1
0.3133474796145525,0.4612589970762042,0.5016431978389079,1
0.4274102555561837,0.5134173844066042,0.5031717590191388,1
0.4355193461992141,0.513676880065402,0.5006649187035952,1
0.4371832370249386,0.5117840962556511,0.5009859165370434,1
0.4415246625466903,0.5006716280294751,0.501887767622736,1
0.4393635135428158,0.4941079449321328,0.5001604935635807,1
0.4453879550541885,0.499938937825005,0.506259452524317,1
0.4387897570591862,0.5149590877669175,0.5291114433051397,1
0.4502266395374591,0.5144400983250091,0.5503431559028205,1
0.4579149726579249,0.5038313543877606,0.5473777486043636,1
0.4352133420101342,0.4710434660183425,0.5939682908583838,1
0.4352133420101342,0.4710434660183425,0.5939682908583838,1
0.3978044274245231,0.5002289610387564,0.5830390878393862,1
0.3689444791180847,0.5182104003538696,0.5941975744437552,1
0.3270220109689168,0.4783856342789138,0.610568463761786,1
0.3656166924530759,0.461335321278035,0.6061662076528789,1
0.376900568449944,0.430943941194864,0.5588878146427443,1
