ms_accelerometer_x,ms_accelerometer_y,ms_accelerometer_z,outcome
0.350622525886576,0.5241024500447676,0.521911920567616,1
0.350622525886576,0.5241024500447676,0.521911920567616,1
0.3733624036503479,0.5048388033407535,0.5219577772846903,1
0.4025474782546245,0.5130968326375327,0.5090261480082174,1
0.4636525374942203,0.5089449214788686,0.5102948548966298,1
0.482280489431228,0.4864910189234052,0.4834991764298402,1
0.8223268122169923,0.9714861575180372,0.7717858098999218,1
0.2015032407023847,0.3917755404973186,0.7551550645996061,1
0.4474343530746847,0.5841067269860906,0.6522370442033157,1
0.2815040033901692,0.5741696127664354,0.5447944781104643,1
0.323196970355949,0.5672243192263087,0.5405297946571748,1
0.3818731235969083,0.5253999227116951,0.5748459922549093,1
0.3647178077131863,0.5403590142299863,0.5655370511404888,1
0.3643353028685208,0.5363902770292049,0.5465828957112493,1
0.3707996251862694,0.5433050431394237,0.539398659798281,1
0.3805152330434201,0.5299029161954837,0.5384356637309319,1
0.3753514257874705,0.5500824289375377,0.5388942327799707,1
0.369938990539162,0.5480675285306362,0.5368001043581224,1
0.4131237197405032,0.5467395296842587,0.5347976893704228,1
0.4162411308560415,0.5564934668198861,0.5458186152150486,1
0.3987033116943915,0.5514867463586852,0.544259483077931,1
0.3987033116943915,0.5514867463586852,0.544259483077931,1
0.3672997111061505,0.5666290137105462,0.5253511831135685,1
0.3644118043074751,0.554142747177585,0.5277815953794922,1
0.3612370184836163,0.5454267864248585,0.5158588163830482,1
0.3580813586070225,0.5211716892268871,0.511349561893733,1
0.3580813586070225,0.5211716892268871,0.511349561893733,1
0.3857364176711439,0.5134937073579772,0.5144831117403263,1
0.4107904450449297,0.4784466916396457,0.4902248451720657,1
0.463231782321762,0.5003510760103118,0.534430836259927,1
0.5036433539060582,0.4913298278912195,0.466746147802857,1
