ms_accelerometer_x,ms_accelerometer_y,ms_accelerometer_z,outcome
0.3990284394806303,0.5194773430899732,0.5043487510959858,1
0.3783923346806858,0.5454573207322851,0.5107687076397308,1
0.3803622322022701,0.5450909759426646,0.5154766770740957,1
0.4768871838120176,0.6778758050667105,0.5106158531683471,1
0.4497102585455187,0.5100592220636003,0.4062456908760647,1
0.4497102585455187,0.5100592220636003,0.4062456908760647,1
0.4497102585455187,0.5100592220636003,0.4062456908760647,1
0.2914491199510476,0.5830382169209919,0.5535072793985245,1
0.3581387340987118,0.552494195311678,0.4190550368258702,1
0.3322623215439058,0.5666137456189894,0.4267131311168273,1
0.3522672938985103,0.5306508688644499,0.4680301383853316,1
0.363857172987742,0.5073116329527781,0.4504058283773451,1
0.3708570007562956,0.5080748522127516,0.4406841780614534,1
0.3749115460778108,0.5155086046387338,0.4381926247582946,1
0.3635511695820309,0.5266516042337606,0.4409134616468247,1
0.4412569110355094,0.5111582576829199,0.4898121334661998,1
0.4271233773143689,0.5006563636267692,0.4901178467916576,1
0.4230497064372729,0.5012516743944551,0.4911878387350202,1
0.4278118832146395,0.500503719849802,0.4963390906443081,1
0.4240824684211536,0.5036176531875386,0.5010164878069793,1
0.4142903594383961,0.5020759508901148,0.5063053092413914,1
0.4174268941510935,0.5047930103202045,0.5100197133419868,1
0.4174268941510935,0.5047930103202045,0.5100197133419868,1
0.4130854709794478,0.5190804689947576,0.510631137488508,1
0.4039818694636983,0.5238124288317489,0.5084911517234868,1
0.4000038251894531,0.5393057716312156,0.4957276662473475,1
0.3901352155511099,0.5203779441626009,0.4790969203209331,1
0.3901352155511099,0.5203779441626009,0.4790969203209331,1
0.6246868248536699,0.4595188560430543,0.0640466984440947,1
0.3809551133797748,0.4956496474171253,0.2259824802572314,1
0.363723296370446,0.5013737895535793,0.3228321146531877,1
