ms_accelerometer_x,ms_accelerometer_y,ms_accelerometer_z,outcome
0.4157247498641012,0.5141653395764864,0.5128016943982453,1
0.4140608559049018,0.5099676360225024,0.5175402337251293,1
0.4088014232994915,0.5154780759583678,0.5155683911343429,1
0.4111729514563326,0.5151269948837013,0.5087510070796731,1
0.4033124887273241,0.5135395003785261,0.5159658160156535,1
0.3797119745930337,0.5075558633960723,0.4845233129083259,1
0.3874768107191915,0.6627640707718184,0.5301814346224036,1
0.3354371065843959,0.8414641652139055,0.4610446136608213,1
0.3836708937033826,0.5264989577057858,0.499075215108712,1
0.2936102697382909,0.609537190257502,0.5205820726419685,1
0.2936102697382909,0.609537190257502,0.5205820726419685,1
0.2382810154789899,0.6002411795759902,0.5016584834738759,1
0.2514009217805708,0.5919526253502189,0.4531878094336036,1
0.2879683307214776,0.528055924781053,0.473930382463628,1
0.3264100041574945,0.5239956015391737,0.4882530013290822,1
0.3286667797642199,0.537260345670093,0.4846914548303636,1
0.3229483447920332,0.5384357011146407,0.48119104936888,1
0.3306366779124992,0.5352454452631915,0.4898427058631133,1
0.3392238984363083,0.5315972592062528,0.5004967769693871,1
0.4254786085190659,0.4998931446794102,0.5097445717873439,1
0.4203530536276678,0.5075100703755233,0.5174179491462644,1
0.419588043154968,0.5059988969460341,0.5185796551498743,1
0.4265113705029466,0.5080595878725686,0.5159658160156535,1
0.4358253535217689,0.515355961236904,0.5196649357960882,1
0.4392105169318569,0.5265600169422047,0.5282095907794202,1
0.4521009040325691,0.5518530898978479,0.5378853824999418,1
0.4447759521596097,0.5470448121113155,0.5312055704747907,1
0.4456365876684228,0.5395194730190064,0.5266046012991297,1
0.4381777549479762,0.5240871875802716,0.532504847255722,1
0.4421749173357994,0.5108987620241223,0.5317558523318794,1
0.4267982487447613,0.5633929598367162,0.4829030378556772,1
