ms_accelerometer_x,ms_accelerometer_y,ms_accelerometer_z,outcome
0.4291926346968027,0.4793167615309917,0.4879931465989946,1
0.4099921468415515,0.5818018016147964,0.4795554893699719,1
0.4099921468415515,0.5818018016147964,0.4795554893699719,1
0.6260289299524285,0.6754793024075242,0.6020390968552066,1
0.6260289299524285,0.6754793024075242,0.6020390968552066,1
0.6306993182444067,0.6482629100842455,0.6144968758929732,1
0.6306993182444067,0.6482629100842455,0.6144968758929732,1
0.4818373958851825,0.5082122312743984,0.5626480735821182,1
0.4461921314042261,0.5056020224756811,0.4977912235244796,1
0.4809426906627877,0.5037702970270287,0.490010847785151,1
0.4519361746118502,0.4776071510538947,0.4734106736295514,1
0.4338630215228873,0.4809042566613958,0.4704452638266999,1
0.4308031130390641,0.4852546042424386,0.4641170218440809,1
0.4184382137321378,0.5095249682815088,0.4675409988176753,1
0.4590580676439676,0.4606942177398918,0.5674477539462373,1
0.4589149128734049,0.5006868923696581,0.4835756042916307,1
0.4494488800796502,0.4784161610835928,0.4822610425644399,1
0.4525982601118384,0.4800952447560108,0.4791427776641061,1
0.4442058749042616,0.4907192524082132,0.4836978901226928,1
0.433308301001401,0.4718830091050094,0.4521331024365004,1
0.4382649973686111,0.4870558013858625,0.4608459005940674,1
0.4208897210375908,0.4697154652962781,0.4520413883762532,1
0.4511667197356794,0.4794083475720896,0.4875040070313383,1
0.42522012023098,0.4936194845457277,0.490010847785151,1
0.415449880801229,0.532146779204214,0.5106922797779404,1
0.5125438603608528,0.4799426007289519,0.5776279801982529,1
0.5641328556660427,0.5402674281888885,0.6977117471883788,1
0.7158757544065623,0.4838808104998253,0.465477440288346,1
0.6431179143330464,0.7093967675812074,0.6050656451908988,1
0.5666201545959234,0.5639272179954103,0.5793705379514704,1
0.5870911314016681,0.5285596486323203,0.5057091706672283,1
