ms_accelerometer_x,ms_accelerometer_y,ms_accelerometer_z,outcome
0.4006349579481406,0.5101202787991032,0.5351034014436834,1
0.3912253522433111,0.5043808721348976,0.5290655865880655,1
0.3912253522433111,0.5043808721348976,0.5290655865880655,1
0.3846080290844125,0.5025796753666112,0.5197260768333233,1
0.3714307571615882,0.4912229775099386,0.5352256872747454,1
0.4330713228703683,0.4863689048271703,0.5169288095786081,1
0.4698299795333955,0.4861857321197455,0.4879472898819203,1
0.4104079409836329,0.6039351511507303,0.6069610586676972,1
0.4180006522014604,0.6190926834680031,0.9637883951864534,1
0.4180006522014604,0.6190926834680031,0.9637883951864534,1
0.5199571719787631,0.5485101925202557,0.4954525253188032,1
0.2832061539441111,0.5387562560098572,0.5425627807895905,1
0.2832061539441111,0.5387562560098572,0.5425627807895905,1
0.2465431113500351,0.5621870763370316,0.533314984468997,1
0.2465431113500351,0.5621870763370316,0.533314984468997,1
0.2465431113500351,0.5621870763370316,0.533314984468997,1
0.2476906211838193,0.5277964316231712,0.5383286653505239,1
0.2476906211838193,0.5277964316231712,0.5383286653505239,1
0.2495649013463038,0.5222096687359328,0.5316488533253727,1
0.2804903712703972,0.5257510031611327,0.5152779633812432,1
0.3869030542355619,0.5082122312743984,0.5305941463282696,1
0.3869030542355619,0.5082122312743984,0.5305941463282696,1
0.3778950791659893,0.5007479499179588,0.5324284193939315,1
0.3778950791659893,0.5007479499179588,0.5324284193939315,1
0.3778950791659893,0.5007479499179588,0.5324284193939315,1
0.3778950791659893,0.5007479499179588,0.5324284193939315,1
0.3829823857663534,0.4866283979850521,0.5058161702998336,1
0.4867749186142571,0.4687232819339262,0.4316809546551812,1
0.4867749186142571,0.4687232819339262,0.4316809546551812,1
0.4867749186142571,0.4687232819339262,0.4316809546551812,1
0.4867749186142571,0.4687232819339262,0.4316809546551812,1
