ms_accelerometer_x,ms_accelerometer_y,ms_accelerometer_z,outcome
0.4936982451788669,0.4396751700391476,0.4761162274501181,1
0.9219309305680878,0.8574764918282199,0.8184222514457244,1
0.4826821225732648,0.3088899669781565,0.7786643362440242,1
0.4262436221252405,0.5064720921169356,0.6529401842883801,1
0.312754602667239,0.5327420890965795,0.4269882701670757,1
0.4801767214026236,0.5298723856394308,0.5350881146191279,1
0.44272955022227,0.5489070672407003,0.5580012464371856,1
0.4304702896132954,0.5461747415947404,0.5450543384754398,1
0.3958154033289787,0.5369092645954264,0.5017349115234959,1
0.401036586389965,0.5569971925468404,0.5127099803379982,1
0.4242163461351658,0.5336426870430624,0.5417220711794021,1
0.4242163461351658,0.5336426870430624,0.5417220711794021,1
0.4119188359817672,0.5364208044591131,0.5252288966564078,1
0.3521716680790283,0.4911161265034287,0.5312055704747907,1
0.358329984954307,0.4917114376462519,0.529967435357193,1
0.3624036566147717,0.4915893222995592,0.5279344492247772,1
0.3668598307697958,0.4842929476847659,0.5206890697701793,1
0.3685045995650988,0.4904902873054684,0.5125265534697009,1
0.3718515117073515,0.4961228429631641,0.5095000020035156,1
0.3616003965976479,0.4958633485548244,0.5044098935106378,1
0.3598600035496003,0.4910703334828797,0.4959263793141014,1
0.3757148049982183,0.498656729810875,0.4682441370244437,1
0.3696903625468032,0.501633283899396,0.4594090480270254,1
0.3955667761983255,0.512806810174056,0.463857165861796,1
0.4345630880043939,0.486674191005601,0.4463092843416986,1
0.5500028718297225,0.4947795775257794,0.4155852043873987,1
0.8731424682607198,0.636127728377325,0.931061880835396,1
0.400940960570483,0.3485620708944133,0.7907858189157424,1
0.5877177906044135,0.6819361295590478,0.5530639952957452,1
0.3013177248891784,0.5044724585511329,0.475107375917892,1
0.3013177248891784,0.5044724585511329,0.475107375917892,1
