ms_accelerometer_x,ms_accelerometer_y,ms_accelerometer_z,outcome
0.457953216718768,0.0,0.902584785652624,1
0.4315413011416001,0.5812980796392159,0.6143745800443328,1
0.4883049317259694,0.5462052715255644,0.6002659604440893,1
0.3458220972146792,0.4960007278665629,0.5780865473689958,1
0.3207298179463633,0.4980156258975943,0.5271854568053292,1
0.338764893719426,0.4426975143972101,0.4980663644530239,1
0.338764893719426,0.4426975143972101,0.4980663644530239,1
0.3613135183558332,0.4656093490338499,0.4940615341019654,1
0.3174976574141838,0.5319483409061484,0.5563656870643762,1
0.307629046992472,0.5151269948837013,0.5607679431732833,1
0.347906746346337,0.490917689455821,0.5312055704747907,1
0.3377703804966006,0.4613811155490419,0.5328564172982541,1
0.437240614866734,0.5182256640688236,0.518380942709219,1
0.4299156629937746,0.5193552283685092,0.515935245497036,1
0.425038734449661,0.5140432248550225,0.5116705601654504,1
0.4244267198045514,0.5185614808033072,0.5115941310514626,1
0.4129133460711177,0.5154933402985508,0.5107687076397308,1
0.4159733801282294,0.5175387668849024,0.5077421574257428,1
0.4239485985408285,0.5246977611875909,0.5017807683657899,1
0.4173121416009776,0.5209121948185474,0.501887767622736,1
0.4106565704643923,0.5166686982440144,0.4992739280502462,1
0.3695564863211915,0.5024728247352387,0.4865104416975688,1
0.3410025433788862,0.4951764509957659,0.5165313834451003,1
0.3410025433788862,0.4951764509957659,0.5165313834451003,1
0.4524069113551239,0.5356117919284991,0.5863102028284132,1
0.6342685601670419,0.4914366782725003,0.7559652049433745,1
0.6342685601670419,0.4914366782725003,0.7559652049433745,1
0.4626388975407612,0.5241787736213694,0.6163770063018081,1
0.4412760408996181,0.5234918770626773,0.6269087869438899,1
0.308451432956861,0.5267279234337595,0.5079561554387562,1
0.308451432956861,0.5267279234337595,0.5079561554387562,1
