ms_accelerometer_x,ms_accelerometer_y,ms_accelerometer_z,outcome
0.4209841824695117,0.5053272634770669,0.5092095755026131,1
0.4201235500941735,0.5181798704230457,0.5087662926520311,1
0.4089926772885616,0.5123488787181085,0.5122055551979836,1
0.4088587987911806,0.5149438228015055,0.5121749853054648,1
0.4108286977228287,0.5224844281096844,0.5154766770740957,1
0.4175990190594236,0.5257815337171855,0.5158435320628874,1
0.4200087975440576,0.5271400618691581,0.518105801154576,1
0.418306651690328,0.5167755480000663,0.5224163457076305,1
0.4186891581017309,0.5183630437556994,0.5164855279802233,1
0.4428060516612243,0.5502961259487256,0.5283777333275566,1
0.4193585404048425,0.3898674979744457,0.6717873375806196,1
0.5168971300879642,0.4573360566473457,0.8192935303223331,1
0.3628435369511265,0.5371534940383542,0.8245364553450166,1
0.5547076746821373,0.5351233317921856,0.7474511148437721,1
0.5139327296840217,0.4787977727143123,0.5942587192375821,1
0.4070227783569136,0.6031261486237797,0.4784702080976594,1
0.3243062282952029,0.537947247230617,0.5091484332131808,1
0.3624992824342538,0.4636555084885962,0.5417679297747723,1
0.2983533166515487,0.4764165293934771,0.5782088244346768,1
0.3026182344673964,0.4762180904701824,0.5313431412521121,1
0.3584064871766302,0.5002594897816454,0.5113189901229183,1
0.3589419933324668,0.5032665725505323,0.5161033861668763,1
0.345171837725358,0.4961533715184843,0.522110631756074,1
0.4274676318312416,0.5063957704160206,0.5053576012507948,1
0.4160307540531811,0.5074184840843339,0.5086592940211837,1
0.4018398456237201,0.5081511739136665,0.514590110746833,1
0.413907856160468,0.51711136473455,0.5154155335324662,1
0.4183257792043305,0.5335358379122395,0.5210100674157978,1
0.4186891581017309,0.5097081403637047,0.5265587445820554,1
0.4154569991362891,0.5212174828726651,0.5249690413002216,1
0.4154569991362891,0.5212174828726651,0.5249690413002216,1
