ms_accelerometer_x,ms_accelerometer_y,ms_accelerometer_z,outcome
0.4748790337692081,0.4643881986930663,0.5231806243255352,1
0.4365138609887768,0.5159818004348642,0.5273688836736263,1
0.4278883870036999,0.513676880065402,0.5274453096571209,1
0.4278883870036999,0.513676880065402,0.5274453096571209,1
0.4008262095871046,0.5246824987230948,0.5314654264570756,1
0.4008262095871046,0.5246824987230948,0.5314654264570756,1
0.4008262095871046,0.5246824987230948,0.5314654264570756,1
0.40073058533436,0.5226676001918803,0.5274758820540343,1
0.40073058533436,0.5226676001918803,0.5274758820540343,1
0.4129707199960694,0.5154933402985508,0.5225692001790142,1
0.448486239439093,0.5027933767544018,0.5303801470630589,1
0.4504561430709533,0.5235529319224933,0.5366013912913685,1
0.46405416280257,0.5447093611858003,0.5756866987346045,1
0.4668655712957659,0.5477622379756026,0.5796762431376459,1
0.4065829003706651,0.5693155413341251,0.6197856876854662,1
0.4065829003706651,0.5693155413341251,0.6197856876854662,1
0.4015529673819054,0.5608285456841431,0.623087381332393,1
0.3858129167599921,0.5163328815095308,0.579125965037149,1
0.3725208943238106,0.47313468750093,0.5191452232054198,1
0.3666112036391425,0.4764317937336601,0.4946271021575109,1
0.3359152372485434,0.4627549099168843,0.4926552580640879,1
0.3275192699304356,0.4738521133652171,0.5176778045024507,1
0.3352267289981667,0.5076169207568042,0.533972265958691,1
0.3047793920883269,0.5008090074662593,0.5359135380308597,1
0.2771052078603092,0.4671052593736141,0.5304871485739602,1
0.3004379626497315,0.4855140992760073,0.5140092583711268,1
0.4150936178887825,0.5178898479595689,0.5466287530544223,1
0.4071184041763956,0.5172945368167458,0.547989175881378,1
0.4278883870036999,0.5017859278014091,0.5432812039426183,1
0.4278883870036999,0.5017859278014091,0.5432812039426183,1
0.4399755203542381,0.501434846976834,0.5311902849024326,1
