ms_accelerometer_x,ms_accelerometer_y,ms_accelerometer_z,outcome
0.3490542577468586,0.4701276037316766,0.5220189176958268,1
0.3566469673979487,0.4605873679838398,0.5135506905742853,1
0.3701684931326138,0.4486353577338861,0.5311138570406421,1
0.360567635397136,0.4186255924075794,0.5531251400895721,1
0.4225142034149111,0.5135395003785261,0.4993809272445824,1
0.424790101052058,0.5155391333190997,0.4973326551015394,1
0.4188995364713288,0.5201337109682994,0.4993350704022885,1
0.4161263798726631,0.5204695295784699,0.5012304863834814,1
0.4179815254708266,0.5187751834415559,0.5033246153688185,1
0.4137357265519256,0.523766635185971,0.5065498796513181,1
0.4064872722010769,0.5187751834415559,0.5133672624537908,1
0.4127029645680449,0.536512390500211,0.5186102269206891,1
0.4032551148023724,0.5424807662686267,0.5240519050804399,1
0.4008262095871046,0.5309561581690254,0.5310221423542962,1
0.4081702913241727,0.554142747177585,0.5593310956150305,1
0.4211945639725843,0.5631334710554373,0.5755185599430601,1
0.4705949860892517,0.5911741402495129,0.5965209952163559,1
0.5462543193384408,0.8099890132263688,0.7143730461026486,1
0.5198232864310637,0.5118756822967491,0.8166185113327612,1
0.3943427625754808,0.4845982363641125,0.6203665507048494,1
0.3541415638772014,0.4913908852519514,0.4909891269204637,1
0.3489968822551694,0.5302692603598753,0.5225844863774708,1
0.345516091458862,0.5105018885541357,0.523944904821736,1
0.325166860670541,0.4796067827440104,0.528163734062346,1
0.3393195226890529,0.4972524068877124,0.5481420272222683,1
0.3531279286239546,0.4642202903258245,0.5189159389939496,1
0.3648134335326684,0.4889638482853383,0.5035691849022071,1
0.3651959372022808,0.4872542384334703,0.499075215108712,1
0.3574502266317038,0.4745084818687723,0.5028201899783645,1
0.4341614603459381,0.5096470836282018,0.5072071605149135,1
0.4282708902816279,0.511188785112828,0.50977514293206,1
