ms_accelerometer_x,ms_accelerometer_y,ms_accelerometer_z,outcome
0.453458795369426,0.5290481087686337,0.5182892286489719,1
0.4682425846630443,0.4691506847095077,0.5120374145281433,1
0.4682425846630443,0.4691506847095077,0.5120374145281433,1
0.4682425846630443,0.4691506847095077,0.5120374145281433,1
0.4384263781617858,0.5200573917683003,0.5160116727327277,1
0.4346395839597672,0.4752869650937915,0.5042723231089754,1
0.4465737206993465,0.4624801511683616,0.5136576883285946,1
0.4465737206993465,0.4624801511683616,0.5136576883285946,1
0.4346969610181939,0.4495359538046821,0.5103865683307784,1
0.4188421601962709,0.4562828146738039,0.5039666110357149,1
0.4192820397492569,0.4593356852113165,0.4932055402968359,1
0.4017442198042381,0.4760959769991765,0.4958040937960887,1
0.3769388184643893,0.501846985162141,0.4855321631883548,1
0.3674909627451145,0.5064415634365695,0.4957582367659651,1
0.3692504829154803,0.5087006914107118,0.4762843681199585,1
0.363512919254238,0.5102729228261621,0.4847373115474379,1
0.3601277566275187,0.5112803717791549,0.4813439057185597,1
0.4805401026501301,0.5113109004595209,0.5944268580291266,1
0.6104576684465223,0.6676181422041287,0.6273520647856827,1
0.6636257572512057,0.5814812529718696,0.6232708094528875,1
0.6433530521862694,0.5052204134709234,0.5604622336044173,1
0.4137739784464558,0.5268653031206353,0.5085522942633586,1
0.3401036575422803,0.5162718235235699,0.5121444129085513,1
0.4706906119087337,0.544052993932703,0.4976077962179134,1
0.4580679724023588,0.4900170902588801,0.4953913824032721,1
0.4055501391701531,0.4851019608406088,0.4935876804823264,1
0.3984738081608972,0.5173708591428896,0.4877332912428083,1
0.4196071691022332,0.506563678408125,0.5053728870735923,1
0.4286342691790283,0.5165160535917266,0.5004356344921251,1
0.4467841022024192,0.4913756209117684,0.504883747505936,1
0.4808078502444675,0.4424990792252893,0.4742208108428264,1
