ms_accelerometer_x,ms_accelerometer_y,ms_accelerometer_z,outcome
0.3353414807649138,0.4531688805232696,0.5236086234820552,1
0.3396829039365595,0.4466204610783584,0.5315571392651255,1
0.4403006528406892,0.5092502089077572,0.5261918902193624,1
0.4368389856415408,0.5072200466615887,0.5279191661568137,1
0.422227325956465,0.5077085067979021,0.5238684769599454,1
0.4043069988166746,0.5080137942267907,0.5302884336289103,1
0.4070036531930172,0.5049609186874463,0.5381146667114118,1
0.4070036531930172,0.5049609186874463,0.5381146667114118,1
0.4144816110773602,0.5120741199695859,0.5371669587208154,1
0.4351942215464501,0.5053883212129362,0.5318934231092008,1
0.4338554522400147,0.5008853292922201,0.5315724254635823,1
0.4399181440791802,0.5048082752856164,0.5253970404567414,1
0.4501692632624011,0.511020877996044,0.5277051656394058,1
0.4590624824917092,0.5181646067080917,0.5500833024249301,1
0.4674202041822364,0.5061820694033672,0.5639320660428887,1
0.4714556184645898,0.4935126341644468,0.5873954822224298,1
0.4527702847689432,0.4904444942849195,0.5890004735810164,1
0.4302407884299072,0.4586640554937232,0.5670197591724078,1
0.3930231223497853,0.4386524548702848,0.574096996704968,1
0.3208636909601632,0.4071925678481601,0.5959248553899956,1
0.3349398507563519,0.4048418569590648,0.5959248553899956,1
0.3349398507563519,0.4048418569590648,0.5959248553899956,1
0.3324726983467662,0.4285169086048538,0.5788049642610371,1
0.3324726983467662,0.4285169086048538,0.5788049642610371,1
0.3275957690192838,0.4390035303178906,0.5722627217610101,1
0.3275957690192838,0.4390035303178906,0.5722627217610101,1
0.3556142061974368,0.4300891406455329,0.5405145115892113,1
0.4363417345137091,0.5152491102303941,0.509607001636121,1
0.444469944837055,0.5159360074143152,0.5081242971103545,1
0.444469944837055,0.5159360074143152,0.5081242971103545,1
0.444469944837055,0.5159360074143152,0.5081242971103545,1
