ms_accelerometer_x,ms_accelerometer_y,ms_accelerometer_z,outcome
0.7582492410647427,0.4348516222853714,0.5891686123725608,1
0.7582492410647427,0.4348516222853714,0.5891686123725608,1
0.5178584355920548,0.5428623722722855,0.5551122670005192,1
0.5178584355920548,0.5428623722722855,0.5551122670005192,1
0.4526340469721121,0.5843662220196592,0.5407437951745826,1
0.4526340469721121,0.5843662220196592,0.5407437951745826,1
0.425524320270455,0.517905112299752,0.5401935139435925,1
0.425524320270455,0.517905112299752,0.5401935139435925,1
0.4436153653236611,0.5406490410700658,0.5423487865331691,1
0.4436153653236611,0.5406490410700658,0.5423487865331691,1
0.358403138636498,0.5205611162447968,0.5292948707995354,1
0.4132667873346295,0.5399163496151378,0.5415080737924874,1
0.453439287242663,0.4785535407704687,0.492288403701395,1
0.4653747277350021,0.4888112055087374,0.4933278247504809,1
0.4653747277350021,0.4888112055087374,0.4933278247504809,1
0.4434006353666574,0.4749816751639869,0.4939392496483204,1
0.4434006353666574,0.4749816751639869,0.4939392496483204,1
0.4493773012284752,0.4973897861994509,0.4954983820358775,1
0.4493773012284752,0.4973897861994509,0.4954983820358775,1
0.4421122519599015,0.4936042202055448,0.4951009561528091,1
0.4421122519599015,0.4936042202055448,0.4951009561528091,1
0.43382723319672,0.4786909198321155,0.492227260785864,1
0.43382723319672,0.4786909198321155,0.492227260785864,1
0.4525624703197775,0.5328336745124483,0.4443985834142462,1
0.601889657044006,0.3740230703489385,0.4926705436364461,1
0.648164084447462,0.495909141825465,0.5857293460700164,1
0.648164084447462,0.495909141825465,0.5857293460700164,1
0.5536647482737105,0.5165313179319095,0.5663777638811704,1
0.4547634582426393,0.5160123291152302,0.5361428216162312,1
0.4386049893989873,0.5190957358358566,0.5251371825961606,1
0.4305346998598627,0.5487086320687794,0.5572369678192809,1
