ms_accelerometer_x,ms_accelerometer_y,ms_accelerometer_z,outcome
0.395394648939889,0.6178867980926315,0.5066110215650914,1
0.4472048495411904,0.5723989455538355,0.5506641529223405,1
0.4141182321799598,0.554158015269142,0.4869078684571752,1
0.391722608071355,0.5394278869779084,0.5517341467439991,1
0.4140608559049018,0.5527231610396517,0.5185490840051581,1
0.4102549412391991,0.5252167500042703,0.4943978180086507,1
0.4277162573951574,0.5645988514643775,0.5150486791697731,1
0.415361373316807,0.5489223290799673,0.5205820726419685,1
0.4106948192254476,0.5480827903699033,0.5209030702875872,1
0.4106948192254476,0.5480827903699033,0.5209030702875872,1
0.4176181465734262,0.5307882485513258,0.5111967049179548,1
0.4306232917078354,0.5384051774361066,0.5147123959517964,1
0.4333008256204939,0.5407711520401559,0.5181669440701071,1
0.4553139378341146,0.548265963702557,0.5213157819934531,1
0.4537647948582937,0.5509219645214569,0.5255040375849522,1
0.4277927643176928,0.5472279835682823,0.5423793526690962,1
0.4241589690767393,0.546464769685278,0.5467816087780033,1
0.4220934482424528,0.563408227928273,0.5483560302440709,1
0.413812230340986,0.546617409960963,0.5528347117103738,1
0.3880314428222933,0.5521736447930643,0.5580929611235316,1
0.3928701210386141,0.5192025843414504,0.5155225337911701,1
0.3908810985098072,0.50317498619682,0.5062135958072428,1
0.3919903619326421,0.5012364101167951,0.4568105007261492,1
0.6239027119347667,0.705244840791819,0.5833906484904385,1
0.2906267316365525,0.3529734927173704,0.6264655028411105,1
0.6160422492057581,0.4007815324667276,0.4270646980288662,1
0.6540631518019424,0.5290939024144118,0.4523318167554516,1
0.4273911358758683,0.543274510707684,0.5112272760626709,1
0.4158968763391689,0.565178895140873,0.5004203489197669,1
0.3779907054554926,0.5510135511877838,0.5032940439736627,1
0.4211180601835239,0.5718036337857832,0.5242659030934532,1
